postId,postTitle,postAuthor,score,postDate,upvoteRatio,URL
bhv343,Will I regret bringing a bike to campus?,ShaniaEZ,1,1556335879.0,0.66,https://www.reddit.com/r/UIUC/comments/bhv343/will_i_regret_bringing_a_bike_to_campus/
bhtga3,I found the person that has been throwing brick over the last week..,ecekid298,20,1556324572.0,0.79,https://www.reddit.com/r/UIUC/comments/bhtga3/i_found_the_person_that_has_been_throwing_brick/
b53xm4,Fall 2019 Schedule Megathread!,eldigg,72,1553474655.0,0.96,https://www.reddit.com/r/UIUC/comments/b53xm4/fall_2019_schedule_megathread/
bhnz2c,Spanish 3 course,mekk_themighty,2,1556294462.0,0.75,https://www.reddit.com/r/UIUC/comments/bhnz2c/spanish_3_course/
bhz4e2,Summer Music options?,greentreefrog8,6,1556372097.0,0.8,https://www.reddit.com/r/UIUC/comments/bhz4e2/summer_music_options/
bhulo5,FUCK CHAPAGN GAIGN!!!,mechebarndancer,0,1556332343.0,0.39,https://www.reddit.com/r/UIUC/comments/bhulo5/fuck_chapagn_gaign/
bi1nri,MCB Advanced courses,chemgod44,2,1556387620.0,0.67,https://www.reddit.com/r/UIUC/comments/bi1nri/mcb_advanced_courses/
bi1nri,MCB Advanced courses,chemgod44,2,1556387620.0,0.67,https://www.reddit.com/r/UIUC/comments/bi1nri/mcb_advanced_courses/
bhz4e2,Summer Music options?,greentreefrog8,6,1556372097.0,0.8,https://www.reddit.com/r/UIUC/comments/bhz4e2/summer_music_options/
bhbvb9,Champaign gangs be like,akonsta,541,1556215874.0,0.96,https://i.redd.it/ykzmmfo9bgu21.jpg
bhz4e2,Summer Music options?,greentreefrog8,7,1556372097.0,0.82,https://www.reddit.com/r/UIUC/comments/bhz4e2/summer_music_options/
bi0dwl,Congratulations to all the runners from today's races!,icecoolsushobhan,309,1556380174.0,0.97,https://i.redd.it/oeiaol5svtu21.jpg
bhtozv,Unpopular opinion: Fuck the Illinois Marathon,anarchonobody,0,1556326119.0,0.34,https://www.reddit.com/r/UIUC/comments/bhtozv/unpopular_opinion_fuck_the_illinois_marathon/
bhv5gp,How are you guys planning to pregame the lil yachty concert Sunday?,lurkerboi132,64,1556336391.0,0.9,https://www.reddit.com/r/UIUC/comments/bhv5gp/how_are_you_guys_planning_to_pregame_the_lil/
bhv5gp,How are you guys planning to pregame the lil yachty concert Sunday?,lurkerboi132,66,1556336391.0,0.9,https://www.reddit.com/r/UIUC/comments/bhv5gp/how_are_you_guys_planning_to_pregame_the_lil/
bi08wk,$1000 sublease for 3 months. Utilities included,,0,1556379349.0,0.38,https://www.reddit.com/r/UIUC/comments/bi08wk/1000_sublease_for_3_months_utilities_included/
bhv5gp,How are you guys planning to pregame the lil yachty concert Sunday?,lurkerboi132,68,1556336391.0,0.91,https://www.reddit.com/r/UIUC/comments/bhv5gp/how_are_you_guys_planning_to_pregame_the_lil/
bi1uzr,"Found this in my closet the day I moved in my dorm, wasn't expecting it would be our mascot one day.",RubberDucksAreStupid,178,1556388772.0,0.96,https://i.redd.it/qkxckmldluu21.jpg
bb0kwk,UIUC Double Major/Dual Major (or idk) questions,justlookingtobuyassc,0,1554765228.0,0.5,https://www.reddit.com/r/UIUC/comments/bb0kwk/uiuc_double_majordual_major_or_idk_questions/
bi1uzr,"Found this in my closet the day I moved in my dorm, wasn't expecting it would be our mascot one day.",RubberDucksAreStupid,178,1556388772.0,0.96,https://i.redd.it/qkxckmldluu21.jpg
bhulo5,FUCK CHAPAGN GAIGN!!!,mechebarndancer,0,1556332343.0,0.33,https://www.reddit.com/r/UIUC/comments/bhulo5/fuck_chapagn_gaign/
bhv2gv,"Petry to ""Retire"" - UI professor under investigation says he'll leave job at end of May",HoosierCAB,59,1556335749.0,0.95,http://www.news-gazette.com/news/local/2019-04-26/ui-professor-under-investigation-says-hell-leave-job-end-may.html
bhv5gp,How are you guys planning to pregame the lil yachty concert Sunday?,lurkerboi132,64,1556336391.0,0.9,https://www.reddit.com/r/UIUC/comments/bhv5gp/how_are_you_guys_planning_to_pregame_the_lil/
bhv5gp,How are you guys planning to pregame the lil yachty concert Sunday?,lurkerboi132,64,1556336391.0,0.9,https://www.reddit.com/r/UIUC/comments/bhv5gp/how_are_you_guys_planning_to_pregame_the_lil/
bi0dwl,Congratulations to all the runners from today's races!,icecoolsushobhan,314,1556380174.0,0.97,https://i.redd.it/oeiaol5svtu21.jpg
befuxq,Introducing a new Textsheet/Litanswers alternative: hwanswers.org!,HwAnswers_Dev,21,1555551510.0,0.86,https://www.reddit.com/r/UIUC/comments/befuxq/introducing_a_new_textsheetlitanswers_alternative/
bi08wk,$1000 sublease for 3 months. Utilities included,,0,1556379349.0,0.43,https://www.reddit.com/r/UIUC/comments/bi08wk/1000_sublease_for_3_months_utilities_included/
bhv5gp,How are you guys planning to pregame the lil yachty concert Sunday?,lurkerboi132,65,1556336391.0,0.9,https://www.reddit.com/r/UIUC/comments/bhv5gp/how_are_you_guys_planning_to_pregame_the_lil/
bi2dua,"Shower Thought: If someone on Reddit says they’re from a top 5 CS school, they’re definitely from UIUC.",,0,1556391835.0,0.45,https://www.reddit.com/r/UIUC/comments/bi2dua/shower_thought_if_someone_on_reddit_says_theyre/
bhq0a1,College of Media/RSO collaborating with other departments,goldeneag,3,1556304908.0,0.67,https://www.reddit.com/r/UIUC/comments/bhq0a1/college_of_mediarso_collaborating_with_other/
bi0dwl,Congratulations to all the runners from today's races!,icecoolsushobhan,309,1556380174.0,0.97,https://i.redd.it/oeiaol5svtu21.jpg
bhx79d,"Eng. Mechanics students, what Secondary Field did you choose?",moreddit2169,3,1556355047.0,0.8,https://www.reddit.com/r/UIUC/comments/bhx79d/eng_mechanics_students_what_secondary_field_did/
bhv5gp,How are you guys planning to pregame the lil yachty concert Sunday?,lurkerboi132,62,1556336391.0,0.89,https://www.reddit.com/r/UIUC/comments/bhv5gp/how_are_you_guys_planning_to_pregame_the_lil/
bhq7yq,"UIUC students find+visualize the shortest path to every ""Egg Move"" in Pokemon though modeling the problem as a multigraph and solving it in real-time [OC]",wadefagen,196,1556306034.0,0.97,https://www.reddit.com/r/UIUC/comments/bhq7yq/uiuc_students_findvisualize_the_shortest_path_to/
bhtga3,I found the person that has been throwing brick over the last week..,ecekid298,19,1556324572.0,0.79,https://www.reddit.com/r/UIUC/comments/bhtga3/i_found_the_person_that_has_been_throwing_brick/
bi0dwl,Congratulations to all the runners from today's races!,icecoolsushobhan,306,1556380174.0,0.97,https://i.redd.it/oeiaol5svtu21.jpg
bi1uzr,"Found this in my closet the day I moved in my dorm, wasn't expecting it would be our mascot one day.",RubberDucksAreStupid,182,1556388772.0,0.96,https://i.redd.it/qkxckmldluu21.jpg
bi1uzr,"Found this in my closet the day I moved in my dorm, wasn't expecting it would be our mascot one day.",RubberDucksAreStupid,180,1556388772.0,0.96,https://i.redd.it/qkxckmldluu21.jpg
bhv5gp,How are you guys planning to pregame the lil yachty concert Sunday?,lurkerboi132,67,1556336391.0,0.91,https://www.reddit.com/r/UIUC/comments/bhv5gp/how_are_you_guys_planning_to_pregame_the_lil/
bi3bmf,"Prospective transfer student from CA cc here, how is UIUC overall? Have some concerns abt ongoing Petry investigation",,1,1556397453.0,1.0,https://www.reddit.com/r/UIUC/comments/bi3bmf/prospective_transfer_student_from_ca_cc_here_how/
bi34v0,RHET 233 Project Survey,Dylan-hyams,1,1556396291.0,0.67,https://www.reddit.com/r/UIUC/comments/bi34v0/rhet_233_project_survey/
bhv2gv,"Petry to ""Retire"" - UI professor under investigation says he'll leave job at end of May",HoosierCAB,58,1556335749.0,0.94,http://www.news-gazette.com/news/local/2019-04-26/ui-professor-under-investigation-says-hell-leave-job-end-may.html
bhv2gv,"Petry to ""Retire"" - UI professor under investigation says he'll leave job at end of May",HoosierCAB,61,1556335749.0,0.95,http://www.news-gazette.com/news/local/2019-04-26/ui-professor-under-investigation-says-hell-leave-job-end-may.html
bhv2gv,"Petry to ""Retire"" - UI professor under investigation says he'll leave job at end of May",HoosierCAB,59,1556335749.0,0.94,http://www.news-gazette.com/news/local/2019-04-26/ui-professor-under-investigation-says-hell-leave-job-end-may.html
bi30ut,Are there any RSOs where you can play with dogs/puppies or volunteer w/ them perhaps?,juscarpediem,5,1556395626.0,0.78,https://www.reddit.com/r/UIUC/comments/bi30ut/are_there_any_rsos_where_you_can_play_with/
bi3bmf,"Prospective transfer student from CA cc here, how is UIUC overall? Have some concerns abt ongoing Petry investigation",,1,1556397453.0,1.0,https://www.reddit.com/r/UIUC/comments/bi3bmf/prospective_transfer_student_from_ca_cc_here_how/
bi1uzr,"Found this in my closet the day I moved in my dorm, wasn't expecting it would be our mascot one day.",RubberDucksAreStupid,180,1556388772.0,0.96,https://i.redd.it/qkxckmldluu21.jpg
bhtozv,Unpopular opinion: Fuck the Illinois Marathon,anarchonobody,0,1556326119.0,0.33,https://www.reddit.com/r/UIUC/comments/bhtozv/unpopular_opinion_fuck_the_illinois_marathon/
bhtozv,Unpopular opinion: Fuck the Illinois Marathon,anarchonobody,0,1556326119.0,0.32,https://www.reddit.com/r/UIUC/comments/bhtozv/unpopular_opinion_fuck_the_illinois_marathon/
bhtozv,Unpopular opinion: Fuck the Illinois Marathon,anarchonobody,0,1556326119.0,0.33,https://www.reddit.com/r/UIUC/comments/bhtozv/unpopular_opinion_fuck_the_illinois_marathon/
bi3bmf,"Prospective transfer student from CA cc here, how is UIUC overall? Have some concerns abt ongoing Petry investigation",,1,1556397453.0,1.0,https://www.reddit.com/r/UIUC/comments/bi3bmf/prospective_transfer_student_from_ca_cc_here_how/
bfr1ps,Does anyone know when waitlist decisions are released?,howardv11,0,1555866538.0,0.43,https://www.reddit.com/r/UIUC/comments/bfr1ps/does_anyone_know_when_waitlist_decisions_are/
bi3p2l,"Just got accepted to CS + Ling as a transfer, any advice?",Inkwriter2,7,1556399678.0,0.77,https://www.reddit.com/r/UIUC/comments/bi3p2l/just_got_accepted_to_cs_ling_as_a_transfer_any/
bi1uzr,"Found this in my closet the day I moved in my dorm, wasn't expecting it would be our mascot one day.",RubberDucksAreStupid,175,1556388772.0,0.96,https://i.redd.it/qkxckmldluu21.jpg
bhv0pu,UI professor under investigation says he'll leave job at end of May,Facepalms4Everyone,8,1556335385.0,0.75,http://www.news-gazette.com/news/local/2019-04-26/ui-professor-under-investigation-says-hell-leave-job-end-may.html
bhv2gv,"Petry to ""Retire"" - UI professor under investigation says he'll leave job at end of May",HoosierCAB,57,1556335749.0,0.93,http://www.news-gazette.com/news/local/2019-04-26/ui-professor-under-investigation-says-hell-leave-job-end-may.html
bi0dwl,Congratulations to all the runners from today's races!,icecoolsushobhan,314,1556380174.0,0.97,https://i.redd.it/oeiaol5svtu21.jpg
bhv2gv,"Petry to ""Retire"" - UI professor under investigation says he'll leave job at end of May",HoosierCAB,54,1556335749.0,0.93,http://www.news-gazette.com/news/local/2019-04-26/ui-professor-under-investigation-says-hell-leave-job-end-may.html
bhap38,University listing Joe Petry's job?,A_For_Anarchy,1,1556209882.0,0.53,https://www.reddit.com/r/UIUC/comments/bhap38/university_listing_joe_petrys_job/
bhv5gp,How are you guys planning to pregame the lil yachty concert Sunday?,lurkerboi132,64,1556336391.0,0.9,https://www.reddit.com/r/UIUC/comments/bhv5gp/how_are_you_guys_planning_to_pregame_the_lil/
bi0dwl,Congratulations to all the runners from today's races!,icecoolsushobhan,311,1556380174.0,0.97,https://i.redd.it/oeiaol5svtu21.jpg
bf7xx2,Does anyone know of any reasonably priced hotels around campus?,poweer009,3,1555730666.0,0.8,https://www.reddit.com/r/UIUC/comments/bf7xx2/does_anyone_know_of_any_reasonably_priced_hotels/
bhv2gv,"Petry to ""Retire"" - UI professor under investigation says he'll leave job at end of May",HoosierCAB,58,1556335749.0,0.95,http://www.news-gazette.com/news/local/2019-04-26/ui-professor-under-investigation-says-hell-leave-job-end-may.html
bi3p2l,"Just got accepted to CS + Ling as a transfer, any advice?",Inkwriter2,7,1556399678.0,0.77,https://www.reddit.com/r/UIUC/comments/bi3p2l/just_got_accepted_to_cs_ling_as_a_transfer_any/
bi08wk,$1000 sublease for 3 months. Utilities included,,0,1556379349.0,0.38,https://www.reddit.com/r/UIUC/comments/bi08wk/1000_sublease_for_3_months_utilities_included/
bh5hqd,To All of you that are Choosing Classes for the Upcoming Semester ...,mathblog,18,1556174696.0,0.68,https://www.reddit.com/r/UIUC/comments/bh5hqd/to_all_of_you_that_are_choosing_classes_for_the/
bhwgyz,Iclicker for sale $40 OBO,iClickerSales,0,1556347591.0,0.4,https://www.reddit.com/r/UIUC/comments/bhwgyz/iclicker_for_sale_40_obo/
bi1c0d,"Summer 2019 Sublet- 3BR, 2 Bath",aerogolfer,0,1556385733.0,0.25,https://www.reddit.com/r/UIUC/comments/bi1c0d/summer_2019_sublet_3br_2_bath/
bhtozv,Unpopular opinion: Fuck the Illinois Marathon,anarchonobody,0,1556326119.0,0.32,https://www.reddit.com/r/UIUC/comments/bhtozv/unpopular_opinion_fuck_the_illinois_marathon/
bi3p2l,"Just got accepted to CS + Ling as a transfer, any advice?",Inkwriter2,6,1556399678.0,0.72,https://www.reddit.com/r/UIUC/comments/bi3p2l/just_got_accepted_to_cs_ling_as_a_transfer_any/
bbi94j,Best thing I've heard on Campus as an MCB Major,FearlessShock,0,1554873738.0,0.48,https://www.reddit.com/r/UIUC/comments/bbi94j/best_thing_ive_heard_on_campus_as_an_mcb_major/
bi30ut,Are there any RSOs where you can play with dogs/puppies or volunteer w/ them perhaps?,juscarpediem,5,1556395626.0,0.78,https://www.reddit.com/r/UIUC/comments/bi30ut/are_there_any_rsos_where_you_can_play_with/
bhv343,Will I regret bringing a bike to campus?,ShaniaEZ,1,1556335879.0,0.66,https://www.reddit.com/r/UIUC/comments/bhv343/will_i_regret_bringing_a_bike_to_campus/
bi0dwl,Congratulations to all the runners from today's races!,icecoolsushobhan,316,1556380174.0,0.97,https://i.redd.it/oeiaol5svtu21.jpg
bi0dwl,Congratulations to all the runners from today's races!,icecoolsushobhan,315,1556380174.0,0.97,https://i.redd.it/oeiaol5svtu21.jpg
bhtozv,Unpopular opinion: Fuck the Illinois Marathon,anarchonobody,0,1556326119.0,0.32,https://www.reddit.com/r/UIUC/comments/bhtozv/unpopular_opinion_fuck_the_illinois_marathon/
bhz9bw,Is there someone screaming near lion the past hour?,heyo431,0,1556373102.0,0.4,https://www.reddit.com/r/UIUC/comments/bhz9bw/is_there_someone_screaming_near_lion_the_past_hour/
bi4mxe,Is anyone else more hyped for Attack on Titan S3 part 2 more than both Endgame and GoT?,Aayush1973,0,1556405373.0,0.44,https://www.reddit.com/r/UIUC/comments/bi4mxe/is_anyone_else_more_hyped_for_attack_on_titan_s3/
bhtp8r,What makes a good CBTF exam?,wadefagen,34,1556326163.0,0.95,https://www.reddit.com/r/UIUC/comments/bhtp8r/what_makes_a_good_cbtf_exam/
bi4mxe,Is anyone else more hyped for Attack on Titan S3 part 2 more than both Endgame and GoT?,Aayush1973,0,1556405373.0,0.46,https://www.reddit.com/r/UIUC/comments/bi4mxe/is_anyone_else_more_hyped_for_attack_on_titan_s3/
b53xm4,Fall 2019 Schedule Megathread!,eldigg,67,1553474655.0,0.95,https://www.reddit.com/r/UIUC/comments/b53xm4/fall_2019_schedule_megathread/
b53xm4,Fall 2019 Schedule Megathread!,eldigg,67,1553474655.0,0.95,https://www.reddit.com/r/UIUC/comments/b53xm4/fall_2019_schedule_megathread/
bhvc5a,TIGER HAS BEEN FOUND !!,Tigersmom-,449,1556337806.0,0.98,https://i.redd.it/w2ivcxstdqu21.jpg
bi0dwl,Congratulations to all the runners from today's races!,icecoolsushobhan,311,1556380174.0,0.97,https://i.redd.it/oeiaol5svtu21.jpg
bi0dwl,Congratulations to all the runners from today's races!,icecoolsushobhan,314,1556380174.0,0.97,https://i.redd.it/oeiaol5svtu21.jpg
bfr1ps,Does anyone know when waitlist decisions are released?,howardv11,0,1555866538.0,0.43,https://www.reddit.com/r/UIUC/comments/bfr1ps/does_anyone_know_when_waitlist_decisions_are/
bhwgyz,Iclicker for sale $40 OBO,iClickerSales,0,1556347591.0,0.4,https://www.reddit.com/r/UIUC/comments/bhwgyz/iclicker_for_sale_40_obo/
bhwgyz,Iclicker for sale $40 OBO,iClickerSales,0,1556347591.0,0.4,https://www.reddit.com/r/UIUC/comments/bhwgyz/iclicker_for_sale_40_obo/
bhwgyz,Iclicker for sale $40 OBO,iClickerSales,0,1556347591.0,0.4,https://www.reddit.com/r/UIUC/comments/bhwgyz/iclicker_for_sale_40_obo/
b53xm4,Fall 2019 Schedule Megathread!,eldigg,69,1553474655.0,0.96,https://www.reddit.com/r/UIUC/comments/b53xm4/fall_2019_schedule_megathread/
bhwgyz,Iclicker for sale $40 OBO,iClickerSales,0,1556347591.0,0.4,https://www.reddit.com/r/UIUC/comments/bhwgyz/iclicker_for_sale_40_obo/
b8w5a3,Nugent Hall LLC,rahulsandil315,0,1554286830.0,0.4,https://www.reddit.com/r/UIUC/comments/b8w5a3/nugent_hall_llc/
bhv2gv,"Petry to ""Retire"" - UI professor under investigation says he'll leave job at end of May",HoosierCAB,59,1556335749.0,0.94,http://www.news-gazette.com/news/local/2019-04-26/ui-professor-under-investigation-says-hell-leave-job-end-may.html
bhwgyz,Iclicker for sale $40 OBO,iClickerSales,0,1556347591.0,0.4,https://www.reddit.com/r/UIUC/comments/bhwgyz/iclicker_for_sale_40_obo/
bi0dwl,Congratulations to all the runners from today's races!,icecoolsushobhan,316,1556380174.0,0.97,https://i.redd.it/oeiaol5svtu21.jpg
bi0dwl,Congratulations to all the runners from today's races!,icecoolsushobhan,315,1556380174.0,0.97,https://i.redd.it/oeiaol5svtu21.jpg
bi0dwl,Congratulations to all the runners from today's races!,icecoolsushobhan,310,1556380174.0,0.97,https://i.redd.it/oeiaol5svtu21.jpg
bi3m2q,"Congrats to Illini C Nick Allegretti, Drafted by Kansas City with Pick 216",VenSap2,103,1556399173.0,0.99,https://www.nfl.com/prospects/nick-allegretti?id=3219414c-4c04-1653-c094-bf3297ea6407
bhv2gv,"Petry to ""Retire"" - UI professor under investigation says he'll leave job at end of May",HoosierCAB,56,1556335749.0,0.94,http://www.news-gazette.com/news/local/2019-04-26/ui-professor-under-investigation-says-hell-leave-job-end-may.html
bi4mxe,Is anyone else more hyped for Attack on Titan S3 part 2 more than both Endgame and GoT?,Aayush1973,0,1556405373.0,0.43,https://www.reddit.com/r/UIUC/comments/bi4mxe/is_anyone_else_more_hyped_for_attack_on_titan_s3/
bi4mxe,Is anyone else more hyped for Attack on Titan S3 part 2 more than both Endgame and GoT?,Aayush1973,0,1556405373.0,0.46,https://www.reddit.com/r/UIUC/comments/bi4mxe/is_anyone_else_more_hyped_for_attack_on_titan_s3/
b8w5a3,Nugent Hall LLC,rahulsandil315,0,1554286830.0,0.4,https://www.reddit.com/r/UIUC/comments/b8w5a3/nugent_hall_llc/
bi3p2l,"Just got accepted to CS + Ling as a transfer, any advice?",Inkwriter2,6,1556399678.0,0.72,https://www.reddit.com/r/UIUC/comments/bi3p2l/just_got_accepted_to_cs_ling_as_a_transfer_any/
bi5ov5,Student ID,random4throw2away0,2,1556412182.0,0.6,https://www.reddit.com/r/UIUC/comments/bi5ov5/student_id/
bi3p2l,"Just got accepted to CS + Ling as a transfer, any advice?",Inkwriter2,7,1556399678.0,0.77,https://www.reddit.com/r/UIUC/comments/bi3p2l/just_got_accepted_to_cs_ling_as_a_transfer_any/
bi5ov5,Student ID,random4throw2away0,3,1556412182.0,0.67,https://www.reddit.com/r/UIUC/comments/bi5ov5/student_id/
bi4vpy,Looking for summer sublease,lookingforsublease,1,1556406904.0,0.67,https://www.reddit.com/r/UIUC/comments/bi4vpy/looking_for_summer_sublease/
bi53j5,Senior Schedule for Fall 2019!,,1,1556408273.0,0.66,https://www.reddit.com/r/UIUC/comments/bi53j5/senior_schedule_for_fall_2019/
bhz4e2,Summer Music options?,greentreefrog8,6,1556372097.0,0.8,https://www.reddit.com/r/UIUC/comments/bhz4e2/summer_music_options/
bi0dwl,Congratulations to all the runners from today's races!,icecoolsushobhan,313,1556380174.0,0.97,https://i.redd.it/oeiaol5svtu21.jpg
bi6chz,201 S Wright St (JSM),gilaisland,0,1556416687.0,0.5,https://www.reddit.com/r/UIUC/comments/bi6chz/201_s_wright_st_jsm/
bi6chz,201 S Wright St (JSM),gilaisland,0,1556416687.0,0.5,https://www.reddit.com/r/UIUC/comments/bi6chz/201_s_wright_st_jsm/
bhr9k4,PSA: It is difficult to transfer into CS!!!,reeeeeelmao,50,1556311716.0,0.87,https://www.reddit.com/r/UIUC/comments/bhr9k4/psa_it_is_difficult_to_transfer_into_cs/
bi5x1j,view of the union tonight,nerd_14_,251,1556413682.0,0.97,https://i.redd.it/mwhnu01gnwu21.jpg
bi0dwl,Congratulations to all the runners from today's races!,icecoolsushobhan,309,1556380174.0,0.97,https://i.redd.it/oeiaol5svtu21.jpg
bi0dwl,Congratulations to all the runners from today's races!,icecoolsushobhan,308,1556380174.0,0.97,https://i.redd.it/oeiaol5svtu21.jpg
bi718a,Computer lab that is open all night?,uiucstressedout,1,1556421541.0,0.67,https://www.reddit.com/r/UIUC/comments/bi718a/computer_lab_that_is_open_all_night/
bi5x1j,view of the union tonight,nerd_14_,254,1556413682.0,0.97,https://i.redd.it/mwhnu01gnwu21.jpg
bi718a,Computer lab that is open all night?,uiucstressedout,1,1556421541.0,0.67,https://www.reddit.com/r/UIUC/comments/bi718a/computer_lab_that_is_open_all_night/
bi718a,Computer lab that is open all night?,uiucstressedout,1,1556421541.0,0.67,https://www.reddit.com/r/UIUC/comments/bi718a/computer_lab_that_is_open_all_night/
bi4mxe,Is anyone else more hyped for Attack on Titan S3 part 2 more than both Endgame and GoT?,Aayush1973,0,1556405373.0,0.46,https://www.reddit.com/r/UIUC/comments/bi4mxe/is_anyone_else_more_hyped_for_attack_on_titan_s3/
bi718a,Computer lab that is open all night?,uiucstressedout,1,1556421541.0,0.67,https://www.reddit.com/r/UIUC/comments/bi718a/computer_lab_that_is_open_all_night/
bi718a,Computer lab that is open all night?,uiucstressedout,1,1556421541.0,0.67,https://www.reddit.com/r/UIUC/comments/bi718a/computer_lab_that_is_open_all_night/
bi0dwl,Congratulations to all the runners from today's races!,icecoolsushobhan,311,1556380174.0,0.97,https://i.redd.it/oeiaol5svtu21.jpg
bi718a,Computer lab that is open all night?,uiucstressedout,1,1556421541.0,0.67,https://www.reddit.com/r/UIUC/comments/bi718a/computer_lab_that_is_open_all_night/
bi74oa,Per News-Gazette Tomorrow: Petry Retired April 11th and Linked to Accusations Posted here,JohnBambenek,4,1556422235.0,0.67,https://i.redd.it/damg49svcxu21.jpg
bhtp8r,What makes a good CBTF exam?,wadefagen,32,1556326163.0,0.94,https://www.reddit.com/r/UIUC/comments/bhtp8r/what_makes_a_good_cbtf_exam/
bhnn7n,Has anyone seen this cat? *Lost Cat*,Click-Clack-Get-Back,93,1556292757.0,0.96,https://www.reddit.com/r/UIUC/comments/bhnn7n/has_anyone_seen_this_cat_lost_cat/
bi78ip,Some pictures of campus and Downtown Urbana from yesterday,shreyas208,25,1556423051.0,0.88,https://www.reddit.com/r/UIUC/comments/bi78ip/some_pictures_of_campus_and_downtown_urbana_from/
bhx059,Math 415 reax only,rawcomedian,17,1556352954.0,0.95,https://i.redd.it/ogutfclvmru21.jpg
bhx059,Math 415 reax only,rawcomedian,15,1556352954.0,0.9,https://i.redd.it/ogutfclvmru21.jpg
bi5x1j,view of the union tonight,nerd_14_,254,1556413682.0,0.97,https://i.redd.it/mwhnu01gnwu21.jpg
bi5058,Trying to take Stat 400 with Ravat,Proy1958,0,1556407678.0,0.33,https://www.reddit.com/r/UIUC/comments/bi5058/trying_to_take_stat_400_with_ravat/
bi78ip,Some pictures of campus and Downtown Urbana from yesterday,shreyas208,26,1556423051.0,0.88,https://www.reddit.com/r/UIUC/comments/bi78ip/some_pictures_of_campus_and_downtown_urbana_from/
bhx059,Math 415 reax only,rawcomedian,17,1556352954.0,0.95,https://i.redd.it/ogutfclvmru21.jpg
bhx059,Math 415 reax only,rawcomedian,16,1556352954.0,0.94,https://i.redd.it/ogutfclvmru21.jpg
bgjo5z,"Have you ever had a professor go on an angry rant, yelling/talking aggressively at the whole class?",Fuehnix,36,1556043159.0,0.89,https://www.reddit.com/r/UIUC/comments/bgjo5z/have_you_ever_had_a_professor_go_on_an_angry_rant/
bhx059,Math 415 reax only,rawcomedian,16,1556352954.0,0.94,https://i.redd.it/ogutfclvmru21.jpg
bggzl1,Taking 2 3 hour finals on the same day?,rawcomedian,0,1556029518.0,0.33,https://www.reddit.com/r/UIUC/comments/bggzl1/taking_2_3_hour_finals_on_the_same_day/
bi30ut,Are there any RSOs where you can play with dogs/puppies or volunteer w/ them perhaps?,juscarpediem,6,1556395626.0,0.8,https://www.reddit.com/r/UIUC/comments/bi30ut/are_there_any_rsos_where_you_can_play_with/
bi30ut,Are there any RSOs where you can play with dogs/puppies or volunteer w/ them perhaps?,juscarpediem,6,1556395626.0,0.8,https://www.reddit.com/r/UIUC/comments/bi30ut/are_there_any_rsos_where_you_can_play_with/
bi30ut,Are there any RSOs where you can play with dogs/puppies or volunteer w/ them perhaps?,juscarpediem,4,1556395626.0,0.7,https://www.reddit.com/r/UIUC/comments/bi30ut/are_there_any_rsos_where_you_can_play_with/
bi7gj0,Free parking on or around campus?,qball97,1,1556424774.0,0.67,https://www.reddit.com/r/UIUC/comments/bi7gj0/free_parking_on_or_around_campus/
bi30ut,Are there any RSOs where you can play with dogs/puppies or volunteer w/ them perhaps?,juscarpediem,6,1556395626.0,0.8,https://www.reddit.com/r/UIUC/comments/bi30ut/are_there_any_rsos_where_you_can_play_with/
b53xm4,Fall 2019 Schedule Megathread!,eldigg,69,1553474655.0,0.95,https://www.reddit.com/r/UIUC/comments/b53xm4/fall_2019_schedule_megathread/
bi5x1j,view of the union tonight,nerd_14_,253,1556413682.0,0.97,https://i.redd.it/mwhnu01gnwu21.jpg
bi5x1j,view of the union tonight,nerd_14_,253,1556413682.0,0.97,https://i.redd.it/mwhnu01gnwu21.jpg
bi5x1j,view of the union tonight,nerd_14_,256,1556413682.0,0.97,https://i.redd.it/mwhnu01gnwu21.jpg
bi5x1j,view of the union tonight,nerd_14_,254,1556413682.0,0.97,https://i.redd.it/mwhnu01gnwu21.jpg
bhvc5a,TIGER HAS BEEN FOUND !!,Tigersmom-,449,1556337806.0,0.98,https://i.redd.it/w2ivcxstdqu21.jpg
bi7eba,How is soc @ UIUC?,imnotlit,2,1556424296.0,0.75,https://www.reddit.com/r/UIUC/comments/bi7eba/how_is_soc_uiuc/
bhtp8r,What makes a good CBTF exam?,wadefagen,30,1556326163.0,0.91,https://www.reddit.com/r/UIUC/comments/bhtp8r/what_makes_a_good_cbtf_exam/
bi74oa,Per News-Gazette Tomorrow: Petry Retired April 11th and Linked to Accusations Posted here,JohnBambenek,3,1556422235.0,0.6,https://i.redd.it/damg49svcxu21.jpg
bi5ov5,Student ID,random4throw2away0,3,1556412182.0,0.64,https://www.reddit.com/r/UIUC/comments/bi5ov5/student_id/
bhtp8r,What makes a good CBTF exam?,wadefagen,31,1556326163.0,0.93,https://www.reddit.com/r/UIUC/comments/bhtp8r/what_makes_a_good_cbtf_exam/
bhr9k4,PSA: It is difficult to transfer into CS!!!,reeeeeelmao,45,1556311716.0,0.85,https://www.reddit.com/r/UIUC/comments/bhr9k4/psa_it_is_difficult_to_transfer_into_cs/
bhr9k4,PSA: It is difficult to transfer into CS!!!,reeeeeelmao,46,1556311716.0,0.85,https://www.reddit.com/r/UIUC/comments/bhr9k4/psa_it_is_difficult_to_transfer_into_cs/
bi1nri,MCB Advanced courses,chemgod44,2,1556387620.0,0.67,https://www.reddit.com/r/UIUC/comments/bi1nri/mcb_advanced_courses/
bhz4e2,Summer Music options?,greentreefrog8,7,1556372097.0,0.82,https://www.reddit.com/r/UIUC/comments/bhz4e2/summer_music_options/
bi74oa,Per News-Gazette Tomorrow: Petry Retired April 11th and Linked to Accusations Posted here,JohnBambenek,3,1556422235.0,0.62,https://i.redd.it/damg49svcxu21.jpg
bi4mxe,Is anyone else more hyped for Attack on Titan S3 part 2 more than both Endgame and GoT?,Aayush1973,0,1556405373.0,0.43,https://www.reddit.com/r/UIUC/comments/bi4mxe/is_anyone_else_more_hyped_for_attack_on_titan_s3/
bhgy17,The absurd way Andino is destroying my GPA,FearlessShock,30,1556244417.0,0.8,https://www.reddit.com/r/UIUC/comments/bhgy17/the_absurd_way_andino_is_destroying_my_gpa/
bi7eba,How is soc @ UIUC?,imnotlit,2,1556424296.0,0.75,https://www.reddit.com/r/UIUC/comments/bi7eba/how_is_soc_uiuc/
bi7eba,How is soc @ UIUC?,imnotlit,2,1556424296.0,0.75,https://www.reddit.com/r/UIUC/comments/bi7eba/how_is_soc_uiuc/
bi4bt2,PHYS 214 Proficiency,Goavengers,3,1556403500.0,0.8,https://www.reddit.com/r/UIUC/comments/bi4bt2/phys_214_proficiency/
bi74oa,Per News-Gazette Tomorrow: Petry Retired April 11th and Linked to Accusations Posted here,JohnBambenek,3,1556422235.0,0.62,https://i.redd.it/damg49svcxu21.jpg
bi74oa,Per News-Gazette Tomorrow: Petry Retired April 11th and Linked to Accusations Posted here,JohnBambenek,3,1556422235.0,0.64,https://i.redd.it/damg49svcxu21.jpg
bi8aew,Are those monster trucks I hear?,ConTron44,1,1556431555.0,0.6,https://www.reddit.com/r/UIUC/comments/bi8aew/are_those_monster_trucks_i_hear/
bi8aew,Are those monster trucks I hear?,ConTron44,1,1556431555.0,0.6,https://www.reddit.com/r/UIUC/comments/bi8aew/are_those_monster_trucks_i_hear/
bi8ghz,When the bus starts to roll away as you're running,wiktor20,27,1556433102.0,0.91,https://i.redd.it/aysx7h159yu21.png
bi8aew,Are those monster trucks I hear?,ConTron44,1,1556431555.0,0.6,https://www.reddit.com/r/UIUC/comments/bi8aew/are_those_monster_trucks_i_hear/
bi3p2l,"Just got accepted to CS + Ling as a transfer, any advice?",Inkwriter2,8,1556399678.0,0.78,https://www.reddit.com/r/UIUC/comments/bi3p2l/just_got_accepted_to_cs_ling_as_a_transfer_any/
bhulo5,FUCK CHAPAGN GAIGN!!!,mechebarndancer,0,1556332343.0,0.34,https://www.reddit.com/r/UIUC/comments/bhulo5/fuck_chapagn_gaign/
bi8ulz,funny meme i saw on twitter,,0,1556436807.0,0.29,https://pbs.twimg.com/media/D5L7VkhW4AIcql6.jpg
bi7eba,How is soc @ UIUC?,imnotlit,2,1556424296.0,0.75,https://www.reddit.com/r/UIUC/comments/bi7eba/how_is_soc_uiuc/
bi5x1j,view of the union tonight,nerd_14_,257,1556413682.0,0.97,https://i.redd.it/mwhnu01gnwu21.jpg
bi7gj0,Free parking on or around campus?,qball97,1,1556424774.0,0.67,https://www.reddit.com/r/UIUC/comments/bi7gj0/free_parking_on_or_around_campus/
bi8ulz,funny meme i saw on twitter,,0,1556436807.0,0.43,https://pbs.twimg.com/media/D5L7VkhW4AIcql6.jpg
bi8yp5,Upvote if suburban express should go suck a fat dong,184Goalz,0,1556437933.0,0.41,https://www.reddit.com/r/UIUC/comments/bi8yp5/upvote_if_suburban_express_should_go_suck_a_fat/
bhti2h,Christensen's lawyers say he's abandoning mental-health defense,bzigterman,15,1556324883.0,0.89,http://www.news-gazette.com/news/local/2019-04-26/christensens-lawyers-say-hes-abandoning-mental-health-defense.html
bi0dwl,Congratulations to all the runners from today's races!,icecoolsushobhan,313,1556380174.0,0.97,https://i.redd.it/oeiaol5svtu21.jpg
bhwb0p,Selling Iclicker2,ankitgohel,2,1556346064.0,0.75,https://www.reddit.com/r/UIUC/comments/bhwb0p/selling_iclicker2/
bhwgyz,Iclicker for sale $40 OBO,iClickerSales,0,1556347591.0,0.4,https://www.reddit.com/r/UIUC/comments/bhwgyz/iclicker_for_sale_40_obo/
bi9t9q,Hablantes de Herencia de UIUC,LeoDGTV,3,1556446385.0,0.71,https://www.reddit.com/r/UIUC/comments/bi9t9q/hablantes_de_herencia_de_uiuc/
bi9t9q,Hablantes de Herencia de UIUC,LeoDGTV,2,1556446385.0,0.63,https://www.reddit.com/r/UIUC/comments/bi9t9q/hablantes_de_herencia_de_uiuc/
bi74oa,Per News-Gazette Tomorrow: Petry Retired April 11th and Linked to Accusations Posted here,JohnBambenek,4,1556422235.0,0.67,https://i.redd.it/damg49svcxu21.jpg
bi0dwl,Congratulations to all the runners from today's races!,icecoolsushobhan,308,1556380174.0,0.97,https://i.redd.it/oeiaol5svtu21.jpg
bi8aew,Are those monster trucks I hear?,ConTron44,1,1556431555.0,0.6,https://www.reddit.com/r/UIUC/comments/bi8aew/are_those_monster_trucks_i_hear/
bianyq,Emails: Professor Petry's absence created stir at UI,AlmostGrad100,8,1556453904.0,0.79,http://www.news-gazette.com/news/local/2019-04-28/emails-professor-petrys-absence-created-stir-ui.html
bi8ghz,When the bus starts to roll away as you're running,wiktor20,24,1556433102.0,0.88,https://i.redd.it/aysx7h159yu21.png
bi74oa,Per News-Gazette Tomorrow: Petry Retired April 11th and Linked to Accusations Posted here,JohnBambenek,4,1556422235.0,0.67,https://i.redd.it/damg49svcxu21.jpg
bianyq,Emails: Professor Petry's absence created stir at UI,AlmostGrad100,8,1556453904.0,0.79,http://www.news-gazette.com/news/local/2019-04-28/emails-professor-petrys-absence-created-stir-ui.html
bi9t9q,Hablantes de Herencia de UIUC,LeoDGTV,2,1556446385.0,0.63,https://www.reddit.com/r/UIUC/comments/bi9t9q/hablantes_de_herencia_de_uiuc/
bi9t9q,Hablantes de Herencia de UIUC,LeoDGTV,2,1556446385.0,0.63,https://www.reddit.com/r/UIUC/comments/bi9t9q/hablantes_de_herencia_de_uiuc/
bi74oa,Per News-Gazette Tomorrow: Petry Retired April 11th and Linked to Accusations Posted here,JohnBambenek,3,1556422235.0,0.6,https://i.redd.it/damg49svcxu21.jpg
bi9t9q,Hablantes de Herencia de UIUC,LeoDGTV,2,1556446385.0,0.63,https://www.reddit.com/r/UIUC/comments/bi9t9q/hablantes_de_herencia_de_uiuc/
bi9t9q,Hablantes de Herencia de UIUC,LeoDGTV,4,1556446385.0,0.75,https://www.reddit.com/r/UIUC/comments/bi9t9q/hablantes_de_herencia_de_uiuc/
bi4bt2,PHYS 214 Proficiency,Goavengers,2,1556403500.0,0.67,https://www.reddit.com/r/UIUC/comments/bi4bt2/phys_214_proficiency/
bi6chz,201 S Wright St (JSM),gilaisland,0,1556416687.0,0.5,https://www.reddit.com/r/UIUC/comments/bi6chz/201_s_wright_st_jsm/
bi3m2q,"Congrats to Illini C Nick Allegretti, Drafted by Kansas City with Pick 216",VenSap2,105,1556399173.0,0.99,https://www.nfl.com/prospects/nick-allegretti?id=3219414c-4c04-1653-c094-bf3297ea6407
bi0dwl,Congratulations to all the runners from today's races!,icecoolsushobhan,315,1556380174.0,0.97,https://i.redd.it/oeiaol5svtu21.jpg
bi4bt2,PHYS 214 Proficiency,Goavengers,4,1556403500.0,0.83,https://www.reddit.com/r/UIUC/comments/bi4bt2/phys_214_proficiency/
bi4bt2,PHYS 214 Proficiency,Goavengers,4,1556403500.0,0.83,https://www.reddit.com/r/UIUC/comments/bi4bt2/phys_214_proficiency/
bbg99h,Answered: Where is Petry?,skitzzxo,695,1554860185.0,0.99,https://www.reddit.com/r/UIUC/comments/bbg99h/answered_where_is_petry/
bi8aew,Are those monster trucks I hear?,ConTron44,1,1556431555.0,0.6,https://www.reddit.com/r/UIUC/comments/bi8aew/are_those_monster_trucks_i_hear/
biazp2,"For many in Champaign County, one full-time job just isn't enough",AlmostGrad100,5,1556456426.0,0.69,http://www.news-gazette.com/news/local/2019-04-28/many-champaign-county-one-full-time-job-just-isnt-enough.html
bi4bt2,PHYS 214 Proficiency,Goavengers,3,1556403500.0,0.8,https://www.reddit.com/r/UIUC/comments/bi4bt2/phys_214_proficiency/
biazp2,"For many in Champaign County, one full-time job just isn't enough",AlmostGrad100,6,1556456426.0,0.71,http://www.news-gazette.com/news/local/2019-04-28/many-champaign-county-one-full-time-job-just-isnt-enough.html
biazp2,"For many in Champaign County, one full-time job just isn't enough",AlmostGrad100,4,1556456426.0,0.64,http://www.news-gazette.com/news/local/2019-04-28/many-champaign-county-one-full-time-job-just-isnt-enough.html
ann2nk,How to join Illinois Consulting Academy?,mgmt_c,3,1549427871.0,0.67,https://www.reddit.com/r/UIUC/comments/ann2nk/how_to_join_illinois_consulting_academy/
biazp2,"For many in Champaign County, one full-time job just isn't enough",AlmostGrad100,4,1556456426.0,0.64,http://www.news-gazette.com/news/local/2019-04-28/many-champaign-county-one-full-time-job-just-isnt-enough.html
biazp2,"For many in Champaign County, one full-time job just isn't enough",AlmostGrad100,5,1556456426.0,0.69,http://www.news-gazette.com/news/local/2019-04-28/many-champaign-county-one-full-time-job-just-isnt-enough.html
bi30ut,Are there any RSOs where you can play with dogs/puppies or volunteer w/ them perhaps?,juscarpediem,5,1556395626.0,0.78,https://www.reddit.com/r/UIUC/comments/bi30ut/are_there_any_rsos_where_you_can_play_with/
biazp2,"For many in Champaign County, one full-time job just isn't enough",AlmostGrad100,5,1556456426.0,0.69,http://www.news-gazette.com/news/local/2019-04-28/many-champaign-county-one-full-time-job-just-isnt-enough.html
bicrqp,Just Curious//Spring Jam,devilishdah,1,1556467542.0,1.0,https://www.reddit.com/r/UIUC/comments/bicrqp/just_curiousspring_jam/
bi9t9q,Hablantes de Herencia de UIUC,LeoDGTV,4,1556446385.0,0.75,https://www.reddit.com/r/UIUC/comments/bi9t9q/hablantes_de_herencia_de_uiuc/
bicm39,Why is it called Joe's Brewery if it doesn't brew beer?,BoJo736,16,1556466669.0,1.0,https://www.reddit.com/r/UIUC/comments/bicm39/why_is_it_called_joes_brewery_if_it_doesnt_brew/
bhdw8j,Where do u buy cute umbrellas?,ktnli,2,1556226370.0,0.62,https://www.reddit.com/r/UIUC/comments/bhdw8j/where_do_u_buy_cute_umbrellas/
bicm39,Why is it called Joe's Brewery if it doesn't brew beer?,BoJo736,15,1556466669.0,1.0,https://www.reddit.com/r/UIUC/comments/bicm39/why_is_it_called_joes_brewery_if_it_doesnt_brew/
bi7gj0,Free parking on or around campus?,qball97,1,1556424774.0,0.67,https://www.reddit.com/r/UIUC/comments/bi7gj0/free_parking_on_or_around_campus/
bi8yp5,Upvote if suburban express should go suck a fat dong,184Goalz,0,1556437933.0,0.4,https://www.reddit.com/r/UIUC/comments/bi8yp5/upvote_if_suburban_express_should_go_suck_a_fat/
bib6tf,People Trying to Transfer Into CS,WUTDO11231235,65,1556457839.0,0.84,https://i.redd.it/uvelnplpa0v21.png
bi3m2q,"Congrats to Illini C Nick Allegretti, Drafted by Kansas City with Pick 216",VenSap2,104,1556399173.0,0.99,https://www.nfl.com/prospects/nick-allegretti?id=3219414c-4c04-1653-c094-bf3297ea6407
bicvmz,Job Market in the Culinary Industry,RoyalBlueMoose,3,1556468148.0,1.0,https://www.reddit.com/r/UIUC/comments/bicvmz/job_market_in_the_culinary_industry/
bicvmz,Job Market in the Culinary Industry,RoyalBlueMoose,3,1556468148.0,1.0,https://www.reddit.com/r/UIUC/comments/bicvmz/job_market_in_the_culinary_industry/
bi7eba,How is soc @ UIUC?,imnotlit,2,1556424296.0,0.75,https://www.reddit.com/r/UIUC/comments/bi7eba/how_is_soc_uiuc/
bhr9k4,PSA: It is difficult to transfer into CS!!!,reeeeeelmao,46,1556311716.0,0.86,https://www.reddit.com/r/UIUC/comments/bhr9k4/psa_it_is_difficult_to_transfer_into_cs/
biazp2,"For many in Champaign County, one full-time job just isn't enough",AlmostGrad100,4,1556456426.0,0.64,http://www.news-gazette.com/news/local/2019-04-28/many-champaign-county-one-full-time-job-just-isnt-enough.html
biazp2,"For many in Champaign County, one full-time job just isn't enough",AlmostGrad100,6,1556456426.0,0.71,http://www.news-gazette.com/news/local/2019-04-28/many-champaign-county-one-full-time-job-just-isnt-enough.html
bib6tf,People Trying to Transfer Into CS,WUTDO11231235,64,1556457839.0,0.84,https://i.redd.it/uvelnplpa0v21.png
