postId,postTitle,postAuthor,score,postDate,upvoteRatio,URL
biiamf,"For every upvote, one Bruin will receive an MMR vaccine. 1 upvote = 1 vaccination. Please help us as we eradicate measles off the face of Westwood",BruinThrowaway6,334,1556498993.0,0.93,https://www.reddit.com/r/ucla/comments/biiamf/for_every_upvote_one_bruin_will_receive_an_mmr/
bimym3,Question about Lower division unit limitation!,Wjdgks2,1,1556525225.0,0.67,https://www.reddit.com/r/ucla/comments/bimym3/question_about_lower_division_unit_limitation/
bgna3e,Plaza vs. Classic,waitimgoingtocollege,2,1556061975.0,0.75,https://www.reddit.com/r/ucla/comments/bgna3e/plaza_vs_classic/
b7rz3z,"""Should I go to UCLA or (Insert school here)"" Megathread",BatManatee,77,1554062313.0,0.99,https://www.reddit.com/r/ucla/comments/b7rz3z/should_i_go_to_ucla_or_insert_school_here/
bi6r1q,"Housing Megathread: Look for roommates, inquire about dorms/apartments, and ask any general questions here!",Espntheocho4,11,1556419483.0,0.87,https://www.reddit.com/r/ucla/comments/bi6r1q/housing_megathread_look_for_roommates_inquire/
b7rz3z,"""Should I go to UCLA or (Insert school here)"" Megathread",BatManatee,72,1554062313.0,0.98,https://www.reddit.com/r/ucla/comments/b7rz3z/should_i_go_to_ucla_or_insert_school_here/
b7rz3z,"""Should I go to UCLA or (Insert school here)"" Megathread",BatManatee,78,1554062313.0,0.99,https://www.reddit.com/r/ucla/comments/b7rz3z/should_i_go_to_ucla_or_insert_school_here/
b7rz3z,"""Should I go to UCLA or (Insert school here)"" Megathread",BatManatee,74,1554062313.0,0.98,https://www.reddit.com/r/ucla/comments/b7rz3z/should_i_go_to_ucla_or_insert_school_here/
b7rz3z,"""Should I go to UCLA or (Insert school here)"" Megathread",BatManatee,75,1554062313.0,0.98,https://www.reddit.com/r/ucla/comments/b7rz3z/should_i_go_to_ucla_or_insert_school_here/
b7rz3z,"""Should I go to UCLA or (Insert school here)"" Megathread",BatManatee,77,1554062313.0,0.99,https://www.reddit.com/r/ucla/comments/b7rz3z/should_i_go_to_ucla_or_insert_school_here/
b4cda2,"UCLA Admissions Decisions Megathread: Congratulations and welcome new Bruins!!! If you have any questions, just want celebrate, or talk about anything else related to the admissions process, this is the place for you.",BatManatee,151,1553298982.0,0.97,https://www.reddit.com/r/ucla/comments/b4cda2/ucla_admissions_decisions_megathread/
biktex,AP Exams,waitimgoingtocollege,1,1556512208.0,0.67,https://www.reddit.com/r/ucla/comments/biktex/ap_exams/
bikq5b,Dropping the entire quarter?,ucla_throwaway2,1,1556511882.0,0.67,https://www.reddit.com/r/ucla/comments/bikq5b/dropping_the_entire_quarter/
biiamf,"For every upvote, one Bruin will receive an MMR vaccine. 1 upvote = 1 vaccination. Please help us as we eradicate measles off the face of Westwood",BruinThrowaway6,340,1556498993.0,0.93,https://www.reddit.com/r/ucla/comments/biiamf/for_every_upvote_one_bruin_will_receive_an_mmr/
big21e,Any tips for new transfers?,borednangsty,2,1556485578.0,0.75,https://www.reddit.com/r/ucla/comments/big21e/any_tips_for_new_transfers/
b7rz3z,"""Should I go to UCLA or (Insert school here)"" Megathread",BatManatee,78,1554062313.0,0.99,https://www.reddit.com/r/ucla/comments/b7rz3z/should_i_go_to_ucla_or_insert_school_here/
biktex,AP Exams,waitimgoingtocollege,1,1556512208.0,0.67,https://www.reddit.com/r/ucla/comments/biktex/ap_exams/
biiamf,"For every upvote, one Bruin will receive an MMR vaccine. 1 upvote = 1 vaccination. Please help us as we eradicate measles off the face of Westwood",BruinThrowaway6,331,1556498993.0,0.93,https://www.reddit.com/r/ucla/comments/biiamf/for_every_upvote_one_bruin_will_receive_an_mmr/
b7rz3z,"""Should I go to UCLA or (Insert school here)"" Megathread",BatManatee,76,1554062313.0,0.98,https://www.reddit.com/r/ucla/comments/b7rz3z/should_i_go_to_ucla_or_insert_school_here/
biggxl,How hard is it to get Work Study ?,Barca_messi,2,1556487832.0,1.0,https://www.reddit.com/r/ucla/comments/biggxl/how_hard_is_it_to_get_work_study/
big90a,Is it worth joining a sorority as a third year?,boredboredbored998,7,1556486628.0,0.73,https://www.reddit.com/r/ucla/comments/big90a/is_it_worth_joining_a_sorority_as_a_third_year/
bim6vj,I’ve never lived in a dorm before are the ucla dorms nice? I’ve read they are the worst lol,,0,1556518510.0,0.25,https://www.reddit.com/r/ucla/comments/bim6vj/ive_never_lived_in_a_dorm_before_are_the_ucla/
bin130,Design Community at UCLA- resources and tips?,starryshiba,4,1556525842.0,0.83,https://www.reddit.com/r/ucla/comments/bin130/design_community_at_ucla_resources_and_tips/
b7rz3z,"""Should I go to UCLA or (Insert school here)"" Megathread",BatManatee,74,1554062313.0,0.98,https://www.reddit.com/r/ucla/comments/b7rz3z/should_i_go_to_ucla_or_insert_school_here/
bimym3,Question about Lower division unit limitation!,Wjdgks2,1,1556525225.0,0.67,https://www.reddit.com/r/ucla/comments/bimym3/question_about_lower_division_unit_limitation/
biq1xg,Will be rescinded?,DwightKSchrute007,3,1556547804.0,0.8,https://www.reddit.com/r/ucla/comments/biq1xg/will_be_rescinded/
biktex,AP Exams,waitimgoingtocollege,1,1556512208.0,0.67,https://www.reddit.com/r/ucla/comments/biktex/ap_exams/
biqlb1,Best ways to demonstrate that I'm financially independent?,S0ulRave,0,1556550734.0,0.44,https://www.reddit.com/r/ucla/comments/biqlb1/best_ways_to_demonstrate_that_im_financially/
bh27z2,A message for all transfer applicants,SaplingCub,69,1556152450.0,0.96,https://www.reddit.com/r/ucla/comments/bh27z2/a_message_for_all_transfer_applicants/
biq1xg,Will be rescinded?,DwightKSchrute007,3,1556547804.0,0.8,https://www.reddit.com/r/ucla/comments/biq1xg/will_be_rescinded/
biqlb1,Best ways to demonstrate that I'm financially independent?,S0ulRave,0,1556550734.0,0.44,https://www.reddit.com/r/ucla/comments/biqlb1/best_ways_to_demonstrate_that_im_financially/
biqlb1,Best ways to demonstrate that I'm financially independent?,S0ulRave,0,1556550734.0,0.5,https://www.reddit.com/r/ucla/comments/biqlb1/best_ways_to_demonstrate_that_im_financially/
biooqy,Hedrick women's stall.. my hand fits through ┴┤(･_├┬,urmaknae,49,1556539488.0,0.96,https://i.redd.it/ewtv0vkp07v21.jpg
biqlb1,Best ways to demonstrate that I'm financially independent?,S0ulRave,0,1556550734.0,0.5,https://www.reddit.com/r/ucla/comments/biqlb1/best_ways_to_demonstrate_that_im_financially/
biqlb1,Best ways to demonstrate that I'm financially independent?,S0ulRave,0,1556550734.0,0.44,https://www.reddit.com/r/ucla/comments/biqlb1/best_ways_to_demonstrate_that_im_financially/
bi8jos,Chances of being rescinded?,throwaway4837265263,1,1556433934.0,0.66,https://www.reddit.com/r/ucla/comments/bi8jos/chances_of_being_rescinded/
b7rz3z,"""Should I go to UCLA or (Insert school here)"" Megathread",BatManatee,76,1554062313.0,0.99,https://www.reddit.com/r/ucla/comments/b7rz3z/should_i_go_to_ucla_or_insert_school_here/
bes80r,Tips for psych 100b?,happiestunhappyhuman,5,1555629569.0,0.85,https://www.reddit.com/r/ucla/comments/bes80r/tips_for_psych_100b/
big90a,Is it worth joining a sorority as a third year?,boredboredbored998,7,1556486628.0,0.73,https://www.reddit.com/r/ucla/comments/big90a/is_it_worth_joining_a_sorority_as_a_third_year/
bijphp,Living Learning Community?,WhatlsAGoodName,6,1556507619.0,0.8,https://www.reddit.com/r/ucla/comments/bijphp/living_learning_community/
bifbl3,When is the Fall Quarter Schedule released?,Cyborgguard,10,1556481601.0,0.92,https://www.reddit.com/r/ucla/comments/bifbl3/when_is_the_fall_quarter_schedule_released/
b7rz3z,"""Should I go to UCLA or (Insert school here)"" Megathread",BatManatee,74,1554062313.0,0.98,https://www.reddit.com/r/ucla/comments/b7rz3z/should_i_go_to_ucla_or_insert_school_here/
bis6ze,How to apply for housing?,OpTiC_TRONIIX,1,1556558890.0,0.67,https://www.reddit.com/r/ucla/comments/bis6ze/how_to_apply_for_housing/
bim6vj,I’ve never lived in a dorm before are the ucla dorms nice? I’ve read they are the worst lol,,0,1556518510.0,0.25,https://www.reddit.com/r/ucla/comments/bim6vj/ive_never_lived_in_a_dorm_before_are_the_ucla/
birwrz,Do you regret choosing UCLA for pre-med?,ykeddari,0,1556557439.0,0.5,https://www.reddit.com/r/ucla/comments/birwrz/do_you_regret_choosing_ucla_for_premed/
b7rz3z,"""Should I go to UCLA or (Insert school here)"" Megathread",BatManatee,73,1554062313.0,0.98,https://www.reddit.com/r/ucla/comments/b7rz3z/should_i_go_to_ucla_or_insert_school_here/
b2uktx,"Hey Bruins! As we all try to tackle finals this quarter, we'd like to remind you of Bruin Tests: A test bank that we made for all of you",bruintests,10,1552981990.0,0.73,https://bruintests.com
biaswj,NEED HELP WITH COST TO ATTEND,aeaxoe,3,1556454992.0,0.8,https://www.reddit.com/r/ucla/comments/biaswj/need_help_with_cost_to_attend/
b7rz3z,"""Should I go to UCLA or (Insert school here)"" Megathread",BatManatee,76,1554062313.0,0.99,https://www.reddit.com/r/ucla/comments/b7rz3z/should_i_go_to_ucla_or_insert_school_here/
biqlb1,Best ways to demonstrate that I'm financially independent?,S0ulRave,0,1556550734.0,0.5,https://www.reddit.com/r/ucla/comments/biqlb1/best_ways_to_demonstrate_that_im_financially/
biqlb1,Best ways to demonstrate that I'm financially independent?,S0ulRave,0,1556550734.0,0.5,https://www.reddit.com/r/ucla/comments/biqlb1/best_ways_to_demonstrate_that_im_financially/
biqlb1,Best ways to demonstrate that I'm financially independent?,S0ulRave,1,1556550734.0,0.56,https://www.reddit.com/r/ucla/comments/biqlb1/best_ways_to_demonstrate_that_im_financially/
biqlb1,Best ways to demonstrate that I'm financially independent?,S0ulRave,1,1556550734.0,0.56,https://www.reddit.com/r/ucla/comments/biqlb1/best_ways_to_demonstrate_that_im_financially/
b7rz3z,"""Should I go to UCLA or (Insert school here)"" Megathread",BatManatee,74,1554062313.0,0.98,https://www.reddit.com/r/ucla/comments/b7rz3z/should_i_go_to_ucla_or_insert_school_here/
biqlb1,Best ways to demonstrate that I'm financially independent?,S0ulRave,0,1556550734.0,0.5,https://www.reddit.com/r/ucla/comments/biqlb1/best_ways_to_demonstrate_that_im_financially/
b7rz3z,"""Should I go to UCLA or (Insert school here)"" Megathread",BatManatee,74,1554062313.0,0.98,https://www.reddit.com/r/ucla/comments/b7rz3z/should_i_go_to_ucla_or_insert_school_here/
b7rz3z,"""Should I go to UCLA or (Insert school here)"" Megathread",BatManatee,76,1554062313.0,0.98,https://www.reddit.com/r/ucla/comments/b7rz3z/should_i_go_to_ucla_or_insert_school_here/
b7rz3z,"""Should I go to UCLA or (Insert school here)"" Megathread",BatManatee,76,1554062313.0,0.99,https://www.reddit.com/r/ucla/comments/b7rz3z/should_i_go_to_ucla_or_insert_school_here/
bi6r1q,"Housing Megathread: Look for roommates, inquire about dorms/apartments, and ask any general questions here!",Espntheocho4,11,1556419483.0,0.87,https://www.reddit.com/r/ucla/comments/bi6r1q/housing_megathread_look_for_roommates_inquire/
bissui,Is a living learning community worth it?,OpTiC_TRONIIX,1,1556561995.0,0.67,https://www.reddit.com/r/ucla/comments/bissui/is_a_living_learning_community_worth_it/
biqlb1,Best ways to demonstrate that I'm financially independent?,S0ulRave,1,1556550734.0,0.56,https://www.reddit.com/r/ucla/comments/biqlb1/best_ways_to_demonstrate_that_im_financially/
bis6ze,How to apply for housing?,OpTiC_TRONIIX,1,1556558890.0,0.67,https://www.reddit.com/r/ucla/comments/bis6ze/how_to_apply_for_housing/
bissui,Is a living learning community worth it?,OpTiC_TRONIIX,1,1556561995.0,0.67,https://www.reddit.com/r/ucla/comments/bissui/is_a_living_learning_community_worth_it/
biryqo,Incoming freshman question;can I edit the housing app after may 1st?,RL-AveragePlayer,1,1556557708.0,1.0,https://www.reddit.com/r/ucla/comments/biryqo/incoming_freshman_questioncan_i_edit_the_housing/
biqlb1,Best ways to demonstrate that I'm financially independent?,S0ulRave,0,1556550734.0,0.5,https://www.reddit.com/r/ucla/comments/biqlb1/best_ways_to_demonstrate_that_im_financially/
birwrz,Do you regret choosing UCLA for pre-med?,ykeddari,1,1556557439.0,0.56,https://www.reddit.com/r/ucla/comments/birwrz/do_you_regret_choosing_ucla_for_premed/
biooqy,Hedrick women's stall.. my hand fits through ┴┤(･_├┬,urmaknae,53,1556539488.0,0.97,https://i.redd.it/ewtv0vkp07v21.jpg
biqlb1,Best ways to demonstrate that I'm financially independent?,S0ulRave,1,1556550734.0,0.56,https://www.reddit.com/r/ucla/comments/biqlb1/best_ways_to_demonstrate_that_im_financially/
b7rz3z,"""Should I go to UCLA or (Insert school here)"" Megathread",BatManatee,73,1554062313.0,0.98,https://www.reddit.com/r/ucla/comments/b7rz3z/should_i_go_to_ucla_or_insert_school_here/
bi5fsg,What set you apart?,nemohoesbros,4,1556410510.0,0.64,https://www.reddit.com/r/ucla/comments/bi5fsg/what_set_you_apart/
bijphp,Living Learning Community?,WhatlsAGoodName,5,1556507619.0,0.73,https://www.reddit.com/r/ucla/comments/bijphp/living_learning_community/
bi5fsg,What set you apart?,nemohoesbros,4,1556410510.0,0.64,https://www.reddit.com/r/ucla/comments/bi5fsg/what_set_you_apart/
birwrz,Do you regret choosing UCLA for pre-med?,ykeddari,1,1556557439.0,0.56,https://www.reddit.com/r/ucla/comments/birwrz/do_you_regret_choosing_ucla_for_premed/
biktex,AP Exams,waitimgoingtocollege,1,1556512208.0,0.67,https://www.reddit.com/r/ucla/comments/biktex/ap_exams/
bim6vj,I’ve never lived in a dorm before are the ucla dorms nice? I’ve read they are the worst lol,,0,1556518510.0,0.25,https://www.reddit.com/r/ucla/comments/bim6vj/ive_never_lived_in_a_dorm_before_are_the_ucla/
bifnrs,I feel like I wont do good at UCLA coming from a CC. Has anyone else felt like this transferring?,hawkeye4ever101,3,1556483372.0,0.67,https://www.reddit.com/r/ucla/comments/bifnrs/i_feel_like_i_wont_do_good_at_ucla_coming_from_a/
biqlb1,Best ways to demonstrate that I'm financially independent?,S0ulRave,0,1556550734.0,0.5,https://www.reddit.com/r/ucla/comments/biqlb1/best_ways_to_demonstrate_that_im_financially/
biu4di,Measles,BerkeleyNONO,0,1556568755.0,0.37,https://www.reddit.com/r/ucla/comments/biu4di/measles/
big03f,Four UCLA Players are Picked Up by NFL Teams Including Quarterback Wilson Speight,CelebratingCheescake,10,1556485290.0,1.0,https://www.google.com/amp/s/gojoebruin.com/2019/04/28/ucla-football-four-bruins-have-signed-as-undrafted-free-agents/amp/
bi6r1q,"Housing Megathread: Look for roommates, inquire about dorms/apartments, and ask any general questions here!",Espntheocho4,12,1556419483.0,0.93,https://www.reddit.com/r/ucla/comments/bi6r1q/housing_megathread_look_for_roommates_inquire/
bi6r1q,"Housing Megathread: Look for roommates, inquire about dorms/apartments, and ask any general questions here!",Espntheocho4,11,1556419483.0,0.92,https://www.reddit.com/r/ucla/comments/bi6r1q/housing_megathread_look_for_roommates_inquire/
biiamf,"For every upvote, one Bruin will receive an MMR vaccine. 1 upvote = 1 vaccination. Please help us as we eradicate measles off the face of Westwood",BruinThrowaway6,333,1556498993.0,0.93,https://www.reddit.com/r/ucla/comments/biiamf/for_every_upvote_one_bruin_will_receive_an_mmr/
birwrz,Do you regret choosing UCLA for pre-med?,ykeddari,0,1556557439.0,0.44,https://www.reddit.com/r/ucla/comments/birwrz/do_you_regret_choosing_ucla_for_premed/
bhapip,Psych 10 with Clark?,nktjk,0,1556209941.0,0.33,https://www.reddit.com/r/ucla/comments/bhapip/psych_10_with_clark/
bim6vj,I’ve never lived in a dorm before are the ucla dorms nice? I’ve read they are the worst lol,,0,1556518510.0,0.25,https://www.reddit.com/r/ucla/comments/bim6vj/ive_never_lived_in_a_dorm_before_are_the_ucla/
biooqy,Hedrick women's stall.. my hand fits through ┴┤(･_├┬,urmaknae,50,1556539488.0,0.97,https://i.redd.it/ewtv0vkp07v21.jpg
bef6br,Questions about transferring out....,Putsam,11,1555547301.0,0.74,https://www.reddit.com/r/ucla/comments/bef6br/questions_about_transferring_out/
bivm49,Please let me rant for a bit,_yellingintothevoid,44,1556576567.0,0.94,https://www.reddit.com/r/ucla/comments/bivm49/please_let_me_rant_for_a_bit/
bivm49,Please let me rant for a bit,_yellingintothevoid,47,1556576567.0,0.95,https://www.reddit.com/r/ucla/comments/bivm49/please_let_me_rant_for_a_bit/
bivnzf,Switching from Dorms to University Apartments,Cutekitens7,0,1556576849.0,0.43,https://www.reddit.com/r/ucla/comments/bivnzf/switching_from_dorms_to_university_apartments/
bivm49,Please let me rant for a bit,_yellingintothevoid,46,1556576567.0,0.94,https://www.reddit.com/r/ucla/comments/bivm49/please_let_me_rant_for_a_bit/
bivnzf,Switching from Dorms to University Apartments,Cutekitens7,0,1556576849.0,0.43,https://www.reddit.com/r/ucla/comments/bivnzf/switching_from_dorms_to_university_apartments/
b7rz3z,"""Should I go to UCLA or (Insert school here)"" Megathread",BatManatee,76,1554062313.0,0.99,https://www.reddit.com/r/ucla/comments/b7rz3z/should_i_go_to_ucla_or_insert_school_here/
bi5fsg,What set you apart?,nemohoesbros,5,1556410510.0,0.69,https://www.reddit.com/r/ucla/comments/bi5fsg/what_set_you_apart/
bivj4t,Withdraw from the quarter,throwawaybruin1,9,1556576108.0,0.91,https://www.reddit.com/r/ucla/comments/bivj4t/withdraw_from_the_quarter/
bivj4t,Withdraw from the quarter,throwawaybruin1,9,1556576108.0,0.91,https://www.reddit.com/r/ucla/comments/bivj4t/withdraw_from_the_quarter/
bi3wct,Is there always an omelette station at BPlate?,DisneylandTree,3,1556400871.0,1.0,https://www.reddit.com/r/ucla/comments/bi3wct/is_there_always_an_omelette_station_at_bplate/
biw2bf,How much is rent for a 2BR/2BA near campus these days?,dontlookmeupplease,1,1556579108.0,0.67,https://www.reddit.com/r/ucla/comments/biw2bf/how_much_is_rent_for_a_2br2ba_near_campus_these/
bivm49,Please let me rant for a bit,_yellingintothevoid,47,1556576567.0,0.94,https://www.reddit.com/r/ucla/comments/bivm49/please_let_me_rant_for_a_bit/
birwrz,Do you regret choosing UCLA for pre-med?,ykeddari,1,1556557439.0,0.56,https://www.reddit.com/r/ucla/comments/birwrz/do_you_regret_choosing_ucla_for_premed/
bivnzf,Switching from Dorms to University Apartments,Cutekitens7,0,1556576849.0,0.33,https://www.reddit.com/r/ucla/comments/bivnzf/switching_from_dorms_to_university_apartments/
bivm49,Please let me rant for a bit,_yellingintothevoid,51,1556576567.0,0.97,https://www.reddit.com/r/ucla/comments/bivm49/please_let_me_rant_for_a_bit/
bitnme,College Night at the Getty Center: Dreaming in Color (tonight),oxfordphdstudent,12,1556566402.0,0.94,https://www.reddit.com/r/ucla/comments/bitnme/college_night_at_the_getty_center_dreaming_in/
bivm49,Please let me rant for a bit,_yellingintothevoid,47,1556576567.0,0.96,https://www.reddit.com/r/ucla/comments/bivm49/please_let_me_rant_for_a_bit/
bivnzf,Switching from Dorms to University Apartments,Cutekitens7,0,1556576849.0,0.29,https://www.reddit.com/r/ucla/comments/bivnzf/switching_from_dorms_to_university_apartments/
bigbi7,shud I stay an extra year (5th year) at ucla to improve gpa and get more research experience?,OverlordTroll,0,1556487018.0,0.33,https://www.reddit.com/r/ucla/comments/bigbi7/shud_i_stay_an_extra_year_5th_year_at_ucla_to/
baau4s,Best way to get quality research as a pre med?,Bludawgs10,11,1554596961.0,0.79,https://www.reddit.com/r/ucla/comments/baau4s/best_way_to_get_quality_research_as_a_pre_med/
bgxrbn,UCLA Transfer Decision Megathread,Espntheocho4,60,1556128540.0,0.97,https://www.reddit.com/r/ucla/comments/bgxrbn/ucla_transfer_decision_megathread/
biwtso,do i have to pass my ap tests?,MistyRain01,1,1556583675.0,0.6,https://www.reddit.com/r/ucla/comments/biwtso/do_i_have_to_pass_my_ap_tests/
bivnzf,Switching from Dorms to University Apartments,Cutekitens7,0,1556576849.0,0.33,https://www.reddit.com/r/ucla/comments/bivnzf/switching_from_dorms_to_university_apartments/
bivnzf,Switching from Dorms to University Apartments,Cutekitens7,0,1556576849.0,0.43,https://www.reddit.com/r/ucla/comments/bivnzf/switching_from_dorms_to_university_apartments/
biw2bf,How much is rent for a 2BR/2BA near campus these days?,dontlookmeupplease,1,1556579108.0,0.67,https://www.reddit.com/r/ucla/comments/biw2bf/how_much_is_rent_for_a_2br2ba_near_campus_these/
b7rz3z,"""Should I go to UCLA or (Insert school here)"" Megathread",BatManatee,76,1554062313.0,0.98,https://www.reddit.com/r/ucla/comments/b7rz3z/should_i_go_to_ucla_or_insert_school_here/
biwic8,UCLA Engineering,NukNukBRUH,1,1556581751.0,1.0,https://www.reddit.com/r/ucla/comments/biwic8/ucla_engineering/
biu4di,Measles,BerkeleyNONO,0,1556568755.0,0.38,https://www.reddit.com/r/ucla/comments/biu4di/measles/
biwtso,do i have to pass my ap tests?,MistyRain01,1,1556583675.0,0.6,https://www.reddit.com/r/ucla/comments/biwtso/do_i_have_to_pass_my_ap_tests/
biww8c,Taking a single class after graduation?,uclathrowaway1234321,6,1556584095.0,1.0,https://www.reddit.com/r/ucla/comments/biww8c/taking_a_single_class_after_graduation/
biuaxd,"Emily A. Carter, dean of the SEAS at Princeton University, has been named UCLA’s new executive vice chancellor and provost",Espntheocho4,66,1556569669.0,0.99,http://newsroom.ucla.edu/releases/ucla-names-emily-a-carter-new-executive-vice-chancellor-and-provost
bivm49,Please let me rant for a bit,_yellingintothevoid,46,1556576567.0,0.94,https://www.reddit.com/r/ucla/comments/bivm49/please_let_me_rant_for_a_bit/
biwtso,do i have to pass my ap tests?,MistyRain01,1,1556583675.0,0.6,https://www.reddit.com/r/ucla/comments/biwtso/do_i_have_to_pass_my_ap_tests/
biw2bf,How much is rent for a 2BR/2BA near campus these days?,dontlookmeupplease,1,1556579108.0,0.67,https://www.reddit.com/r/ucla/comments/biw2bf/how_much_is_rent_for_a_2br2ba_near_campus_these/
bivnzf,Switching from Dorms to University Apartments,Cutekitens7,0,1556576849.0,0.33,https://www.reddit.com/r/ucla/comments/bivnzf/switching_from_dorms_to_university_apartments/
bivm49,Please let me rant for a bit,_yellingintothevoid,45,1556576567.0,0.94,https://www.reddit.com/r/ucla/comments/bivm49/please_let_me_rant_for_a_bit/
biwqie,How hard is it to get science classes as a business major?,Melmoney1,4,1556583126.0,0.83,https://www.reddit.com/r/ucla/comments/biwqie/how_hard_is_it_to_get_science_classes_as_a/
biwtso,do i have to pass my ap tests?,MistyRain01,1,1556583675.0,0.6,https://www.reddit.com/r/ucla/comments/biwtso/do_i_have_to_pass_my_ap_tests/
biwqie,How hard is it to get science classes as a business major?,Melmoney1,3,1556583126.0,0.8,https://www.reddit.com/r/ucla/comments/biwqie/how_hard_is_it_to_get_science_classes_as_a/
biww8c,Taking a single class after graduation?,uclathrowaway1234321,4,1556584095.0,0.84,https://www.reddit.com/r/ucla/comments/biww8c/taking_a_single_class_after_graduation/
biuaxd,"Emily A. Carter, dean of the SEAS at Princeton University, has been named UCLA’s new executive vice chancellor and provost",Espntheocho4,65,1556569669.0,0.99,http://newsroom.ucla.edu/releases/ucla-names-emily-a-carter-new-executive-vice-chancellor-and-provost
biww8c,Taking a single class after graduation?,uclathrowaway1234321,5,1556584095.0,1.0,https://www.reddit.com/r/ucla/comments/biww8c/taking_a_single_class_after_graduation/
b7rz3z,"""Should I go to UCLA or (Insert school here)"" Megathread",BatManatee,80,1554062313.0,0.99,https://www.reddit.com/r/ucla/comments/b7rz3z/should_i_go_to_ucla_or_insert_school_here/
biwqie,How hard is it to get science classes as a business major?,Melmoney1,3,1556583126.0,0.8,https://www.reddit.com/r/ucla/comments/biwqie/how_hard_is_it_to_get_science_classes_as_a/
biww8c,Taking a single class after graduation?,uclathrowaway1234321,4,1556584095.0,0.84,https://www.reddit.com/r/ucla/comments/biww8c/taking_a_single_class_after_graduation/
birwrz,Do you regret choosing UCLA for pre-med?,ykeddari,0,1556557439.0,0.44,https://www.reddit.com/r/ucla/comments/birwrz/do_you_regret_choosing_ucla_for_premed/
bi8jos,Chances of being rescinded?,throwaway4837265263,1,1556433934.0,0.66,https://www.reddit.com/r/ucla/comments/bi8jos/chances_of_being_rescinded/
biww8c,Taking a single class after graduation?,uclathrowaway1234321,5,1556584095.0,1.0,https://www.reddit.com/r/ucla/comments/biww8c/taking_a_single_class_after_graduation/
bivm49,Please let me rant for a bit,_yellingintothevoid,46,1556576567.0,0.95,https://www.reddit.com/r/ucla/comments/bivm49/please_let_me_rant_for_a_bit/
bivm49,Please let me rant for a bit,_yellingintothevoid,49,1556576567.0,0.97,https://www.reddit.com/r/ucla/comments/bivm49/please_let_me_rant_for_a_bit/
bivj4t,Withdraw from the quarter,throwawaybruin1,9,1556576108.0,0.91,https://www.reddit.com/r/ucla/comments/bivj4t/withdraw_from_the_quarter/
bi6r1q,"Housing Megathread: Look for roommates, inquire about dorms/apartments, and ask any general questions here!",Espntheocho4,10,1556419483.0,0.86,https://www.reddit.com/r/ucla/comments/bi6r1q/housing_megathread_look_for_roommates_inquire/
biuaxd,"Emily A. Carter, dean of the SEAS at Princeton University, has been named UCLA’s new executive vice chancellor and provost",Espntheocho4,70,1556569669.0,1.0,http://newsroom.ucla.edu/releases/ucla-names-emily-a-carter-new-executive-vice-chancellor-and-provost
biuaxd,"Emily A. Carter, dean of the SEAS at Princeton University, has been named UCLA’s new executive vice chancellor and provost",Espntheocho4,68,1556569669.0,1.0,http://newsroom.ucla.edu/releases/ucla-names-emily-a-carter-new-executive-vice-chancellor-and-provost
bivm49,Please let me rant for a bit,_yellingintothevoid,43,1556576567.0,0.93,https://www.reddit.com/r/ucla/comments/bivm49/please_let_me_rant_for_a_bit/
biw2bf,How much is rent for a 2BR/2BA near campus these days?,dontlookmeupplease,1,1556579108.0,0.67,https://www.reddit.com/r/ucla/comments/biw2bf/how_much_is_rent_for_a_2br2ba_near_campus_these/
bivm49,Please let me rant for a bit,_yellingintothevoid,46,1556576567.0,0.95,https://www.reddit.com/r/ucla/comments/bivm49/please_let_me_rant_for_a_bit/
bivm49,Please let me rant for a bit,_yellingintothevoid,43,1556576567.0,0.93,https://www.reddit.com/r/ucla/comments/bivm49/please_let_me_rant_for_a_bit/
bizchw,Is a double major in CS and Physics possible?,rebjinm,1,1556599850.0,0.67,https://www.reddit.com/r/ucla/comments/bizchw/is_a_double_major_in_cs_and_physics_possible/
bizchw,Is a double major in CS and Physics possible?,rebjinm,1,1556599850.0,0.67,https://www.reddit.com/r/ucla/comments/bizchw/is_a_double_major_in_cs_and_physics_possible/
bivm49,Please let me rant for a bit,_yellingintothevoid,46,1556576567.0,0.94,https://www.reddit.com/r/ucla/comments/bivm49/please_let_me_rant_for_a_bit/
bivm49,Please let me rant for a bit,_yellingintothevoid,48,1556576567.0,0.95,https://www.reddit.com/r/ucla/comments/bivm49/please_let_me_rant_for_a_bit/
b7rz3z,"""Should I go to UCLA or (Insert school here)"" Megathread",BatManatee,75,1554062313.0,0.99,https://www.reddit.com/r/ucla/comments/b7rz3z/should_i_go_to_ucla_or_insert_school_here/
b7rz3z,"""Should I go to UCLA or (Insert school here)"" Megathread",BatManatee,75,1554062313.0,0.98,https://www.reddit.com/r/ucla/comments/b7rz3z/should_i_go_to_ucla_or_insert_school_here/
bizdwd,MathComp enrollment for CS classes,asian_flappybird,2,1556600141.0,1.0,https://www.reddit.com/r/ucla/comments/bizdwd/mathcomp_enrollment_for_cs_classes/
b7rz3z,"""Should I go to UCLA or (Insert school here)"" Megathread",BatManatee,73,1554062313.0,0.98,https://www.reddit.com/r/ucla/comments/b7rz3z/should_i_go_to_ucla_or_insert_school_here/
biww8c,Taking a single class after graduation?,uclathrowaway1234321,6,1556584095.0,1.0,https://www.reddit.com/r/ucla/comments/biww8c/taking_a_single_class_after_graduation/
bizdwd,MathComp enrollment for CS classes,asian_flappybird,2,1556600141.0,1.0,https://www.reddit.com/r/ucla/comments/bizdwd/mathcomp_enrollment_for_cs_classes/
biwic8,UCLA Engineering,NukNukBRUH,1,1556581751.0,1.0,https://www.reddit.com/r/ucla/comments/biwic8/ucla_engineering/
b7rz3z,"""Should I go to UCLA or (Insert school here)"" Megathread",BatManatee,72,1554062313.0,0.98,https://www.reddit.com/r/ucla/comments/b7rz3z/should_i_go_to_ucla_or_insert_school_here/
bi6r1q,"Housing Megathread: Look for roommates, inquire about dorms/apartments, and ask any general questions here!",Espntheocho4,11,1556419483.0,0.92,https://www.reddit.com/r/ucla/comments/bi6r1q/housing_megathread_look_for_roommates_inquire/
bi5waf,"Professor Mells, B.P.",anonyy2626,2,1556413530.0,1.0,https://www.reddit.com/r/ucla/comments/bi5waf/professor_mells_bp/
bikq5b,Dropping the entire quarter?,ucla_throwaway2,1,1556511882.0,0.67,https://www.reddit.com/r/ucla/comments/bikq5b/dropping_the_entire_quarter/
bizdwd,MathComp enrollment for CS classes,asian_flappybird,2,1556600141.0,1.0,https://www.reddit.com/r/ucla/comments/bizdwd/mathcomp_enrollment_for_cs_classes/
bixmh7,Schriver's 5B Midterm,thisisnotme41,3,1556588532.0,1.0,https://www.reddit.com/r/ucla/comments/bixmh7/schrivers_5b_midterm/
bivm49,Please let me rant for a bit,_yellingintothevoid,46,1556576567.0,0.96,https://www.reddit.com/r/ucla/comments/bivm49/please_let_me_rant_for_a_bit/
bivm49,Please let me rant for a bit,_yellingintothevoid,44,1556576567.0,0.94,https://www.reddit.com/r/ucla/comments/bivm49/please_let_me_rant_for_a_bit/
biuaxd,"Emily A. Carter, dean of the SEAS at Princeton University, has been named UCLA’s new executive vice chancellor and provost",Espntheocho4,67,1556569669.0,0.99,http://newsroom.ucla.edu/releases/ucla-names-emily-a-carter-new-executive-vice-chancellor-and-provost
bivm49,Please let me rant for a bit,_yellingintothevoid,48,1556576567.0,0.95,https://www.reddit.com/r/ucla/comments/bivm49/please_let_me_rant_for_a_bit/
bizchw,Is a double major in CS and Physics possible?,rebjinm,1,1556599850.0,0.67,https://www.reddit.com/r/ucla/comments/bizchw/is_a_double_major_in_cs_and_physics_possible/
bivm49,Please let me rant for a bit,_yellingintothevoid,43,1556576567.0,0.93,https://www.reddit.com/r/ucla/comments/bivm49/please_let_me_rant_for_a_bit/
bi6r1q,"Housing Megathread: Look for roommates, inquire about dorms/apartments, and ask any general questions here!",Espntheocho4,11,1556419483.0,0.92,https://www.reddit.com/r/ucla/comments/bi6r1q/housing_megathread_look_for_roommates_inquire/
