,PostID,CommentId,Author,URL,PublishDate,sentimentType,Value
0,t3_bhv343,elxa3jo,shuxue,/r/UIUC/comments/bhv343/will_i_regret_bringing_a_bike_to_campus/elxa3jo/,2019-04-27 12:38:14,Pos_score,0.076
1,t3_bhtga3,elxa6m2,kappast,/r/UIUC/comments/bhtga3/i_found_the_person_that_has_been_throwing_brick/elxa6m2/,2019-04-27 12:39:18,Pos_score,0.102
2,t3_b53xm4,elxam0e,luke-duke-95,/r/UIUC/comments/b53xm4/fall_2019_schedule_megathread/elxam0e/,2019-04-27 12:44:43,Pos_score,0.135
3,t3_bhnz2c,elxb5gc,Evilcow867,/r/UIUC/comments/bhnz2c/spanish_3_course/elxb5gc/,2019-04-27 12:51:33,Pos_score,0.122
4,t3_bhz4e2,elxbdhv,glaba314,/r/UIUC/comments/bhz4e2/summer_music_options/elxbdhv/,2019-04-27 12:54:22,Pos_score,0.444
5,t3_bhulo5,elxbmhd,chemgod44,/r/UIUC/comments/bhulo5/fuck_chapagn_gaign/elxbmhd/,2019-04-27 12:57:30,Pos_score,0.0
6,t3_bi1nri,elxbzzd,Cerasii,/r/UIUC/comments/bi1nri/mcb_advanced_courses/elxbzzd/,2019-04-27 13:02:09,Pos_score,0.0
7,t3_bi1nri,elxc13d,chemgod44,/r/UIUC/comments/bi1nri/mcb_advanced_courses/elxc13d/,2019-04-27 13:02:32,Pos_score,0.736
8,t3_bhz4e2,elxc5so,greentreefrog8,/r/UIUC/comments/bhz4e2/summer_music_options/elxc5so/,2019-04-27 13:04:10,Pos_score,0.0
9,t3_bhbvb9,elxccm2,LetsGoCubbies,/r/UIUC/comments/bhbvb9/champaign_gangs_be_like/elxccm2/,2019-04-27 13:06:29,Pos_score,0.098
10,t3_bhz4e2,elxcg20,glaba314,/r/UIUC/comments/bhz4e2/summer_music_options/elxcg20/,2019-04-27 13:07:40,Pos_score,0.16699999999999998
11,t3_bi0dwl,elxd2uu,Mcpaddyquack,/r/UIUC/comments/bi0dwl/congratulations_to_all_the_runners_from_todays/elxd2uu/,2019-04-27 13:15:44,Pos_score,0.396
12,t3_bhtozv,elxe5tc,illinifan2222,/r/UIUC/comments/bhtozv/unpopular_opinion_fuck_the_illinois_marathon/elxe5tc/,2019-04-27 13:29:16,Pos_score,0.358
13,t3_bhv5gp,elxf07k,ra3xgambit,/r/UIUC/comments/bhv5gp/how_are_you_guys_planning_to_pregame_the_lil/elxf07k/,2019-04-27 13:40:01,Pos_score,0.529
14,t3_bhv5gp,elxfggy,SUN-BAT-HER,/r/UIUC/comments/bhv5gp/how_are_you_guys_planning_to_pregame_the_lil/elxfggy/,2019-04-27 13:45:41,Pos_score,0.17800000000000002
15,t3_bi08wk,elxfleg,odpsue,/r/UIUC/comments/bi08wk/1000_sublease_for_3_months_utilities_included/elxfleg/,2019-04-27 13:47:27,Pos_score,0.11900000000000001
16,t3_bhv5gp,elxfvtj,lurkerboi132,/r/UIUC/comments/bhv5gp/how_are_you_guys_planning_to_pregame_the_lil/elxfvtj/,2019-04-27 13:51:11,Pos_score,0.34
17,t3_bi1uzr,elxfw8w,grape_juice11,/r/UIUC/comments/bi1uzr/found_this_in_my_closet_the_day_i_moved_in_my/elxfw8w/,2019-04-27 13:51:21,Pos_score,0.0
18,t3_bb0kwk,elxfxvy,justlookingtobuyassc,/r/UIUC/comments/bb0kwk/uiuc_double_majordual_major_or_idk_questions/elxfxvy/,2019-04-27 13:51:58,Pos_score,0.27699999999999997
19,t3_bi1uzr,elxg2x1,theillini19,/r/UIUC/comments/bi1uzr/found_this_in_my_closet_the_day_i_moved_in_my/elxg2x1/,2019-04-27 13:53:46,Pos_score,0.0
20,t3_bhulo5,elxg3yz,JustAFratBoy,/r/UIUC/comments/bhulo5/fuck_chapagn_gaign/elxg3yz/,2019-04-27 13:54:08,Pos_score,0.455
21,t3_bhv2gv,elxg8g0,mashsm,/r/UIUC/comments/bhv2gv/petry_to_retire_ui_professor_under_investigation/elxg8g0/,2019-04-27 13:55:40,Pos_score,0.076
22,t3_bhv5gp,elxgj2j,SUN-BAT-HER,/r/UIUC/comments/bhv5gp/how_are_you_guys_planning_to_pregame_the_lil/elxgj2j/,2019-04-27 13:59:24,Pos_score,0.615
23,t3_bhv5gp,elxgjr8,SUN-BAT-HER,/r/UIUC/comments/bhv5gp/how_are_you_guys_planning_to_pregame_the_lil/elxgjr8/,2019-04-27 13:59:38,Pos_score,0.0
24,t3_bi0dwl,elxhllf,DreadPirateRoberts98,/r/UIUC/comments/bi0dwl/congratulations_to_all_the_runners_from_todays/elxhllf/,2019-04-27 14:12:43,Pos_score,0.518
25,t3_befuxq,elxhs9s,shedeeed,/r/UIUC/comments/befuxq/introducing_a_new_textsheetlitanswers_alternative/elxhs9s/,2019-04-27 14:15:05,Pos_score,0.0
26,t3_bi08wk,elxhv9c,TypicalChallenge,/r/UIUC/comments/bi08wk/1000_sublease_for_3_months_utilities_included/elxhv9c/,2019-04-27 14:16:10,Pos_score,0.16399999999999998
27,t3_bhv5gp,elxi3ws,ra3xgambit,/r/UIUC/comments/bhv5gp/how_are_you_guys_planning_to_pregame_the_lil/elxi3ws/,2019-04-27 14:19:12,Pos_score,0.28600000000000003
28,t3_bi2dua,elxi9ki,theillini19,/r/UIUC/comments/bi2dua/shower_thought_if_someone_on_reddit_says_theyre/elxi9ki/,2019-04-27 14:21:04,Pos_score,0.39399999999999996
29,t3_bhq0a1,elxiao4,goldeneag,/r/UIUC/comments/bhq0a1/college_of_mediarso_collaborating_with_other/elxiao4/,2019-04-27 14:21:26,Pos_score,0.17600000000000002
30,t3_bi0dwl,elxk5md,icecoolsushobhan,/r/UIUC/comments/bi0dwl/congratulations_to_all_the_runners_from_todays/elxk5md/,2019-04-27 14:44:32,Pos_score,0.452
31,t3_bhx79d,elxkizi,The-Wise-Banana,/r/UIUC/comments/bhx79d/eng_mechanics_students_what_secondary_field_did/elxkizi/,2019-04-27 14:49:12,Pos_score,0.16399999999999998
32,t3_bhv5gp,elxlnl7,jimgilmore2016,/r/UIUC/comments/bhv5gp/how_are_you_guys_planning_to_pregame_the_lil/elxlnl7/,2019-04-27 15:03:14,Pos_score,0.308
33,t3_bhq7yq,elxmgjo,starry_2019,/r/UIUC/comments/bhq7yq/uiuc_students_findvisualize_the_shortest_path_to/elxmgjo/,2019-04-27 15:13:12,Pos_score,0.0
34,t3_bhtga3,elxmsdx,lurkerboi132,/r/UIUC/comments/bhtga3/i_found_the_person_that_has_been_throwing_brick/elxmsdx/,2019-04-27 15:17:21,Pos_score,0.318
35,t3_bi0dwl,elxna2u,Motorvision,/r/UIUC/comments/bi0dwl/congratulations_to_all_the_runners_from_todays/elxna2u/,2019-04-27 15:23:44,Pos_score,0.0
36,t3_bi1uzr,elxne87,blake1120,/r/UIUC/comments/bi1uzr/found_this_in_my_closet_the_day_i_moved_in_my/elxne87/,2019-04-27 15:25:13,Pos_score,0.0
37,t3_bi1uzr,elxo1s8,JustAFratBoy,/r/UIUC/comments/bi1uzr/found_this_in_my_closet_the_day_i_moved_in_my/elxo1s8/,2019-04-27 15:33:36,Pos_score,0.2
38,t3_bhv5gp,elxoech,spond550,/r/UIUC/comments/bhv5gp/how_are_you_guys_planning_to_pregame_the_lil/elxoech/,2019-04-27 15:37:57,Pos_score,0.155
39,t3_bi3bmf,elxolaf,MrIllini,/r/UIUC/comments/bi3bmf/prospective_transfer_student_from_ca_cc_here_how/elxolaf/,2019-04-27 15:40:20,Pos_score,0.16399999999999998
40,t3_bi34v0,elxomce,MrIllini,/r/UIUC/comments/bi34v0/rhet_233_project_survey/elxomce/,2019-04-27 15:40:43,Pos_score,1.0
41,t3_bhv2gv,elxoq7a,skitzzxo,/r/UIUC/comments/bhv2gv/petry_to_retire_ui_professor_under_investigation/elxoq7a/,2019-04-27 15:42:03,Pos_score,0.0
42,t3_bhv2gv,elxos9k,skitzzxo,/r/UIUC/comments/bhv2gv/petry_to_retire_ui_professor_under_investigation/elxos9k/,2019-04-27 15:42:46,Pos_score,0.0
43,t3_bhv2gv,elxowg0,skitzzxo,/r/UIUC/comments/bhv2gv/petry_to_retire_ui_professor_under_investigation/elxowg0/,2019-04-27 15:44:15,Pos_score,0.09300000000000001
44,t3_bi30ut,elxp5pe,notopoli,/r/UIUC/comments/bi30ut/are_there_any_rsos_where_you_can_play_with/elxp5pe/,2019-04-27 15:47:32,Pos_score,0.0
45,t3_bi3bmf,elxphzk,Inkwriter2,/r/UIUC/comments/bi3bmf/prospective_transfer_student_from_ca_cc_here_how/elxphzk/,2019-04-27 15:51:55,Pos_score,0.223
46,t3_bi1uzr,elxpoqm,quickreleasefob,/r/UIUC/comments/bi1uzr/found_this_in_my_closet_the_day_i_moved_in_my/elxpoqm/,2019-04-27 15:54:11,Pos_score,0.0
47,t3_bhtozv,elxq0c2,anarchonobody,/r/UIUC/comments/bhtozv/unpopular_opinion_fuck_the_illinois_marathon/elxq0c2/,2019-04-27 15:58:09,Pos_score,0.358
48,t3_bhtozv,elxq9ud,anarchonobody,/r/UIUC/comments/bhtozv/unpopular_opinion_fuck_the_illinois_marathon/elxq9ud/,2019-04-27 16:01:27,Pos_score,0.084
49,t3_bhtozv,elxqi4u,dogemaster00,/r/UIUC/comments/bhtozv/unpopular_opinion_fuck_the_illinois_marathon/elxqi4u/,2019-04-27 16:04:17,Pos_score,0.233
50,t3_bi3bmf,elxqkx1,cartesiancausain,/r/UIUC/comments/bi3bmf/prospective_transfer_student_from_ca_cc_here_how/elxqkx1/,2019-04-27 16:05:13,Pos_score,0.078
51,t3_bfr1ps,elxqplz,Ace1207,/r/UIUC/comments/bfr1ps/does_anyone_know_when_waitlist_decisions_are/elxqplz/,2019-04-27 16:06:50,Pos_score,0.10300000000000001
52,t3_bi3p2l,elxrkwf,[deleted],/r/UIUC/comments/bi3p2l/just_got_accepted_to_cs_ling_as_a_transfer_any/elxrkwf/,2019-04-27 16:17:40,Pos_score,0.0
53,t3_bi1uzr,elxrl0o,Viklove,/r/UIUC/comments/bi1uzr/found_this_in_my_closet_the_day_i_moved_in_my/elxrl0o/,2019-04-27 16:17:42,Pos_score,0.0
54,t3_bhv0pu,elxrmye,businessasusual0235,/r/UIUC/comments/bhv0pu/ui_professor_under_investigation_says_hell_leave/elxrmye/,2019-04-27 16:18:23,Pos_score,0.092
55,t3_bhv2gv,elxs2yu,AlmostGrad100,/r/UIUC/comments/bhv2gv/petry_to_retire_ui_professor_under_investigation/elxs2yu/,2019-04-27 16:23:58,Pos_score,0.161
56,t3_bi0dwl,elxs9nr,gusofk,/r/UIUC/comments/bi0dwl/congratulations_to_all_the_runners_from_todays/elxs9nr/,2019-04-27 16:26:14,Pos_score,0.619
57,t3_bhv2gv,elxshrq,A_For_Anarchy,/r/UIUC/comments/bhv2gv/petry_to_retire_ui_professor_under_investigation/elxshrq/,2019-04-27 16:28:55,Pos_score,0.273
58,t3_bhap38,elxsn93,A_For_Anarchy,/r/UIUC/comments/bhap38/university_listing_joe_petrys_job/elxsn93/,2019-04-27 16:30:48,Pos_score,0.0
59,t3_bhv5gp,elxt5od,ra3xgambit,/r/UIUC/comments/bhv5gp/how_are_you_guys_planning_to_pregame_the_lil/elxt5od/,2019-04-27 16:37:10,Pos_score,0.061
60,t3_bi0dwl,elxte45,icecoolsushobhan,/r/UIUC/comments/bi0dwl/congratulations_to_all_the_runners_from_todays/elxte45/,2019-04-27 16:40:07,Pos_score,0.21
61,t3_bf7xx2,elxtksh,sfauycskyou,/r/UIUC/comments/bf7xx2/does_anyone_know_of_any_reasonably_priced_hotels/elxtksh/,2019-04-27 16:42:28,Pos_score,0.359
62,t3_bhv2gv,elxtyhx,AlmostGrad100,/r/UIUC/comments/bhv2gv/petry_to_retire_ui_professor_under_investigation/elxtyhx/,2019-04-27 16:47:21,Pos_score,0.039
63,t3_bi3p2l,elxuha4,Sleepylinguist,/r/UIUC/comments/bi3p2l/just_got_accepted_to_cs_ling_as_a_transfer_any/elxuha4/,2019-04-27 16:54:07,Pos_score,0.106
64,t3_bi08wk,elxv99l,lollapaloozauiuc,/r/UIUC/comments/bi08wk/1000_sublease_for_3_months_utilities_included/elxv99l/,2019-04-27 17:03:58,Pos_score,0.359
65,t3_bh5hqd,elxvfcw,lollapaloozauiuc,/r/UIUC/comments/bh5hqd/to_all_of_you_that_are_choosing_classes_for_the/elxvfcw/,2019-04-27 17:06:00,Pos_score,0.0
66,t3_bhwgyz,elxvfwo,yo_yo_homieg,/r/UIUC/comments/bhwgyz/iclicker_for_sale_40_obo/elxvfwo/,2019-04-27 17:06:12,Pos_score,0.0
67,t3_bi1c0d,elxw3ii,IlliniGuy2,/r/UIUC/comments/bi1c0d/summer_2019_sublet_3br_2_bath/elxw3ii/,2019-04-27 17:14:25,Pos_score,0.052000000000000005
68,t3_bhtozv,elxwlmp,anarchonobody,/r/UIUC/comments/bhtozv/unpopular_opinion_fuck_the_illinois_marathon/elxwlmp/,2019-04-27 17:20:43,Pos_score,0.0
69,t3_bi3p2l,elxwoaf,freshofftheboaty,/r/UIUC/comments/bi3p2l/just_got_accepted_to_cs_ling_as_a_transfer_any/elxwoaf/,2019-04-27 17:21:36,Pos_score,0.0
70,t3_bbi94j,elxxahe,battlefront1387,/r/UIUC/comments/bbi94j/best_thing_ive_heard_on_campus_as_an_mcb_major/elxxahe/,2019-04-27 17:29:08,Pos_score,0.177
71,t3_bi30ut,elxxb9e,actual-trash,/r/UIUC/comments/bi30ut/are_there_any_rsos_where_you_can_play_with/elxxb9e/,2019-04-27 17:29:25,Pos_score,0.192
72,t3_bhv343,elxxg3z,MrIllini,/r/UIUC/comments/bhv343/will_i_regret_bringing_a_bike_to_campus/elxxg3z/,2019-04-27 17:31:10,Pos_score,0.374
73,t3_bi0dwl,elxyht1,saladforkmcgee,/r/UIUC/comments/bi0dwl/congratulations_to_all_the_runners_from_todays/elxyht1/,2019-04-27 17:44:20,Pos_score,0.0
74,t3_bi0dwl,elxyii0,saladforkmcgee,/r/UIUC/comments/bi0dwl/congratulations_to_all_the_runners_from_todays/elxyii0/,2019-04-27 17:44:35,Pos_score,0.0
75,t3_bhtozv,elxyq5h,dogemaster00,/r/UIUC/comments/bhtozv/unpopular_opinion_fuck_the_illinois_marathon/elxyq5h/,2019-04-27 17:47:20,Pos_score,0.0
76,t3_bhz9bw,elxyyyg,flingleforp,/r/UIUC/comments/bhz9bw/is_there_someone_screaming_near_lion_the_past_hour/elxyyyg/,2019-04-27 17:50:32,Pos_score,0.0
77,t3_bi4mxe,elxz047,4511Seg,/r/UIUC/comments/bi4mxe/is_anyone_else_more_hyped_for_attack_on_titan_s3/elxz047/,2019-04-27 17:50:57,Pos_score,0.0
78,t3_bhtp8r,elxz3lp,paulrulez742,/r/UIUC/comments/bhtp8r/what_makes_a_good_cbtf_exam/elxz3lp/,2019-04-27 17:52:13,Pos_score,0.049
79,t3_bi4mxe,elxz7em,krogreddit,/r/UIUC/comments/bi4mxe/is_anyone_else_more_hyped_for_attack_on_titan_s3/elxz7em/,2019-04-27 17:53:35,Pos_score,0.435
80,t3_b53xm4,elxzol4,paulrulez742,/r/UIUC/comments/b53xm4/fall_2019_schedule_megathread/elxzol4/,2019-04-27 17:59:26,Pos_score,0.091
81,t3_b53xm4,elxzs2l,paulrulez742,/r/UIUC/comments/b53xm4/fall_2019_schedule_megathread/elxzs2l/,2019-04-27 18:00:41,Pos_score,0.163
82,t3_bhvc5a,elxzy2z,HeddaHopper,/r/UIUC/comments/bhvc5a/tiger_has_been_found/elxzy2z/,2019-04-27 18:02:51,Pos_score,0.0
83,t3_bi0dwl,ely00uh,JLou98,/r/UIUC/comments/bi0dwl/congratulations_to_all_the_runners_from_todays/ely00uh/,2019-04-27 18:03:52,Pos_score,0.135
84,t3_bi0dwl,ely044f,icecoolsushobhan,/r/UIUC/comments/bi0dwl/congratulations_to_all_the_runners_from_todays/ely044f/,2019-04-27 18:05:03,Pos_score,0.0
85,t3_bfr1ps,ely0htr,howardv11,/r/UIUC/comments/bfr1ps/does_anyone_know_when_waitlist_decisions_are/ely0htr/,2019-04-27 18:09:59,Pos_score,0.508
86,t3_bhwgyz,ely11ry,UIUCFreshSoph,/r/UIUC/comments/bhwgyz/iclicker_for_sale_40_obo/ely11ry/,2019-04-27 18:17:08,Pos_score,0.358
87,t3_bhwgyz,ely139k,UIUCFreshSoph,/r/UIUC/comments/bhwgyz/iclicker_for_sale_40_obo/ely139k/,2019-04-27 18:17:40,Pos_score,0.0
88,t3_bhwgyz,ely1osl,iClickerSales,/r/UIUC/comments/bhwgyz/iclicker_for_sale_40_obo/ely1osl/,2019-04-27 18:25:16,Pos_score,0.0
89,t3_b53xm4,ely2hma,kyomun,/r/UIUC/comments/b53xm4/fall_2019_schedule_megathread/ely2hma/,2019-04-27 18:35:43,Pos_score,0.0
90,t3_bhwgyz,ely2hxh,Tautline,/r/UIUC/comments/bhwgyz/iclicker_for_sale_40_obo/ely2hxh/,2019-04-27 18:35:50,Pos_score,0.28600000000000003
91,t3_b8w5a3,ely2jqg,s0ggyn00dl3,/r/UIUC/comments/b8w5a3/nugent_hall_llc/ely2jqg/,2019-04-27 18:36:29,Pos_score,0.179
92,t3_bhv2gv,ely2kt1,Dinothegreat86,/r/UIUC/comments/bhv2gv/petry_to_retire_ui_professor_under_investigation/ely2kt1/,2019-04-27 18:36:52,Pos_score,0.161
93,t3_bhwgyz,ely2l8g,iClickerSales,/r/UIUC/comments/bhwgyz/iclicker_for_sale_40_obo/ely2l8g/,2019-04-27 18:37:02,Pos_score,0.0
94,t3_bi0dwl,ely33n0,rob_s_458,/r/UIUC/comments/bi0dwl/congratulations_to_all_the_runners_from_todays/ely33n0/,2019-04-27 18:43:44,Pos_score,0.0
95,t3_bi0dwl,ely3a0o,icecoolsushobhan,/r/UIUC/comments/bi0dwl/congratulations_to_all_the_runners_from_todays/ely3a0o/,2019-04-27 18:45:59,Pos_score,0.0
96,t3_bi0dwl,ely3ggn,rob_s_458,/r/UIUC/comments/bi0dwl/congratulations_to_all_the_runners_from_todays/ely3ggn/,2019-04-27 18:48:17,Pos_score,0.0
97,t3_bi3m2q,ely46vl,truebluebarista,/r/UIUC/comments/bi3m2q/congrats_to_illini_c_nick_allegretti_drafted_by/ely46vl/,2019-04-27 18:57:29,Pos_score,0.516
98,t3_bhv2gv,ely4ogm,mashsm,/r/UIUC/comments/bhv2gv/petry_to_retire_ui_professor_under_investigation/ely4ogm/,2019-04-27 19:04:17,Pos_score,0.127
99,t3_bi4mxe,ely5idv,flingleforp,/r/UIUC/comments/bi4mxe/is_anyone_else_more_hyped_for_attack_on_titan_s3/ely5idv/,2019-04-27 19:15:56,Pos_score,0.5920000000000001
100,t3_bi4mxe,ely5s5m,chimpfunkz,/r/UIUC/comments/bi4mxe/is_anyone_else_more_hyped_for_attack_on_titan_s3/ely5s5m/,2019-04-27 19:19:43,Pos_score,0.111
101,t3_b8w5a3,ely719y,bookishweirdo,/r/UIUC/comments/b8w5a3/nugent_hall_llc/ely719y/,2019-04-27 19:37:08,Pos_score,0.0
102,t3_bi3p2l,ely7wuz,th1sguyaga1n,/r/UIUC/comments/bi3p2l/just_got_accepted_to_cs_ling_as_a_transfer_any/ely7wuz/,2019-04-27 19:49:31,Pos_score,0.126
103,t3_bi5ov5,ely877x,Battlefront228,/r/UIUC/comments/bi5ov5/student_id/ely877x/,2019-04-27 19:53:39,Pos_score,0.0
104,t3_bi3p2l,ely8gt4,Inkwriter2,/r/UIUC/comments/bi3p2l/just_got_accepted_to_cs_ling_as_a_transfer_any/ely8gt4/,2019-04-27 19:57:24,Pos_score,0.266
105,t3_bi5ov5,ely926t,mishlc,/r/UIUC/comments/bi5ov5/student_id/ely926t/,2019-04-27 20:06:02,Pos_score,0.0
106,t3_bi4vpy,elyad2h,absoluteunimpressed,/r/UIUC/comments/bi4vpy/looking_for_summer_sublease/elyad2h/,2019-04-27 20:24:39,Pos_score,0.0
107,t3_bi53j5,elyak1o,lollapaloozauiuc,/r/UIUC/comments/bi53j5/senior_schedule_for_fall_2019/elyak1o/,2019-04-27 20:27:25,Pos_score,0.066
108,t3_bhz4e2,elydbuz,greentreefrog8,/r/UIUC/comments/bhz4e2/summer_music_options/elydbuz/,2019-04-27 21:07:38,Pos_score,0.29600000000000004
109,t3_bi0dwl,elydyw0,AlmostGrad100,/r/UIUC/comments/bi0dwl/congratulations_to_all_the_runners_from_todays/elydyw0/,2019-04-27 21:16:44,Pos_score,0.0
110,t3_bi6chz,elyedl5,Clers,/r/UIUC/comments/bi6chz/201_s_wright_st_jsm/elyedl5/,2019-04-27 21:22:44,Pos_score,0.028999999999999998
111,t3_bi6chz,elyetuz,gilaisland,/r/UIUC/comments/bi6chz/201_s_wright_st_jsm/elyetuz/,2019-04-27 21:29:36,Pos_score,0.21899999999999997
112,t3_bhr9k4,elyf2za,mathblog,/r/UIUC/comments/bhr9k4/psa_it_is_difficult_to_transfer_into_cs/elyf2za/,2019-04-27 21:33:15,Pos_score,0.142
113,t3_bi5x1j,elyfogf,cptpark,/r/UIUC/comments/bi5x1j/view_of_the_union_tonight/elyfogf/,2019-04-27 21:42:06,Pos_score,0.455
114,t3_bi0dwl,elyg0ij,icecoolsushobhan,/r/UIUC/comments/bi0dwl/congratulations_to_all_the_runners_from_todays/elyg0ij/,2019-04-27 21:47:08,Pos_score,0.08900000000000001
115,t3_bi0dwl,elyg9q2,icecoolsushobhan,/r/UIUC/comments/bi0dwl/congratulations_to_all_the_runners_from_todays/elyg9q2/,2019-04-27 21:50:59,Pos_score,0.141
116,t3_bi718a,elyi88s,whyizthizzohard,/r/UIUC/comments/bi718a/computer_lab_that_is_open_all_night/elyi88s/,2019-04-27 22:20:49,Pos_score,0.0
117,t3_bi5x1j,elyiizu,IlliniGuy2,/r/UIUC/comments/bi5x1j/view_of_the_union_tonight/elyiizu/,2019-04-27 22:25:20,Pos_score,0.0
118,t3_bi718a,elyija5,uiucstressedout,/r/UIUC/comments/bi718a/computer_lab_that_is_open_all_night/elyija5/,2019-04-27 22:25:27,Pos_score,0.0
119,t3_bi718a,elyini9,mishlc,/r/UIUC/comments/bi718a/computer_lab_that_is_open_all_night/elyini9/,2019-04-27 22:27:15,Pos_score,0.109
120,t3_bi4mxe,elyit7h,ConsistentClaim,/r/UIUC/comments/bi4mxe/is_anyone_else_more_hyped_for_attack_on_titan_s3/elyit7h/,2019-04-27 22:29:40,Pos_score,0.0
121,t3_bi718a,elyj5i2,dkline39,/r/UIUC/comments/bi718a/computer_lab_that_is_open_all_night/elyj5i2/,2019-04-27 22:35:03,Pos_score,0.0
122,t3_bi718a,elyj6c5,whyizthizzohard,/r/UIUC/comments/bi718a/computer_lab_that_is_open_all_night/elyj6c5/,2019-04-27 22:35:24,Pos_score,0.0
123,t3_bi0dwl,elyjc57,MMEnter,/r/UIUC/comments/bi0dwl/congratulations_to_all_the_runners_from_todays/elyjc57/,2019-04-27 22:37:57,Pos_score,0.177
124,t3_bi718a,elyjemy,uiucstressedout,/r/UIUC/comments/bi718a/computer_lab_that_is_open_all_night/elyjemy/,2019-04-27 22:39:00,Pos_score,0.603
125,t3_bi74oa,elyjlx9,Dinothegreat86,/r/UIUC/comments/bi74oa/per_newsgazette_tomorrow_petry_retired_april_11th/elyjlx9/,2019-04-27 22:42:10,Pos_score,0.09699999999999999
126,t3_bhtp8r,elyjxkv,Jhohok,/r/UIUC/comments/bhtp8r/what_makes_a_good_cbtf_exam/elyjxkv/,2019-04-27 22:47:19,Pos_score,0.1
127,t3_bhnn7n,elykcu4,ThatEconomist,/r/UIUC/comments/bhnn7n/has_anyone_seen_this_cat_lost_cat/elykcu4/,2019-04-27 22:54:08,Pos_score,0.639
128,t3_bi78ip,elykkjj,MrIllini,/r/UIUC/comments/bi78ip/some_pictures_of_campus_and_downtown_urbana_from/elykkjj/,2019-04-27 22:57:39,Pos_score,0.0
129,t3_bhx059,elykssm,dogemaster00,/r/UIUC/comments/bhx059/math_415_reax_only/elykssm/,2019-04-27 23:01:29,Pos_score,0.0
130,t3_bhx059,elykv24,rawcomedian,/r/UIUC/comments/bhx059/math_415_reax_only/elykv24/,2019-04-27 23:02:29,Pos_score,0.0
131,t3_bi5x1j,elykwl3,MaiPhet,/r/UIUC/comments/bi5x1j/view_of_the_union_tonight/elykwl3/,2019-04-27 23:03:11,Pos_score,0.354
132,t3_bi5058,elyl7ca,shronk-cwonk,/r/UIUC/comments/bi5058/trying_to_take_stat_400_with_ravat/elyl7ca/,2019-04-27 23:08:13,Pos_score,0.0
133,t3_bi78ip,elylask,MaiPhet,/r/UIUC/comments/bi78ip/some_pictures_of_campus_and_downtown_urbana_from/elylask/,2019-04-27 23:09:46,Pos_score,0.528
134,t3_bhx059,elylir4,dogemaster00,/r/UIUC/comments/bhx059/math_415_reax_only/elylir4/,2019-04-27 23:13:27,Pos_score,0.31
135,t3_bhx059,elyljsu,rawcomedian,/r/UIUC/comments/bhx059/math_415_reax_only/elyljsu/,2019-04-27 23:13:56,Pos_score,0.41200000000000003
136,t3_bgjo5z,elyln4c,dogemaster00,/r/UIUC/comments/bgjo5z/have_you_ever_had_a_professor_go_on_an_angry_rant/elyln4c/,2019-04-27 23:15:24,Pos_score,0.0
137,t3_bhx059,elylqkt,dogemaster00,/r/UIUC/comments/bhx059/math_415_reax_only/elylqkt/,2019-04-27 23:17:00,Pos_score,0.0
138,t3_bggzl1,elylv9n,dogemaster00,/r/UIUC/comments/bggzl1/taking_2_3_hour_finals_on_the_same_day/elylv9n/,2019-04-27 23:19:10,Pos_score,0.0
139,t3_bi30ut,elylyz9,juscarpediem,/r/UIUC/comments/bi30ut/are_there_any_rsos_where_you_can_play_with/elylyz9/,2019-04-27 23:20:53,Pos_score,0.35600000000000004
140,t3_bi30ut,elym0ed,juscarpediem,/r/UIUC/comments/bi30ut/are_there_any_rsos_where_you_can_play_with/elym0ed/,2019-04-27 23:21:34,Pos_score,0.0
141,t3_bi30ut,elym5jd,juscarpediem,/r/UIUC/comments/bi30ut/are_there_any_rsos_where_you_can_play_with/elym5jd/,2019-04-27 23:24:01,Pos_score,0.223
142,t3_bi7gj0,elymhlf,MaxIsAMess,/r/UIUC/comments/bi7gj0/free_parking_on_or_around_campus/elymhlf/,2019-04-27 23:29:48,Pos_score,0.076
143,t3_bi30ut,elymk98,notopoli,/r/UIUC/comments/bi30ut/are_there_any_rsos_where_you_can_play_with/elymk98/,2019-04-27 23:31:06,Pos_score,0.0
144,t3_b53xm4,elymkrd,juscarpediem,/r/UIUC/comments/b53xm4/fall_2019_schedule_megathread/elymkrd/,2019-04-27 23:31:20,Pos_score,0.126
145,t3_bi5x1j,elymqrl,thebavarianlegend,/r/UIUC/comments/bi5x1j/view_of_the_union_tonight/elymqrl/,2019-04-27 23:34:09,Pos_score,0.0
146,t3_bi5x1j,elymv8i,IlliniGuy2,/r/UIUC/comments/bi5x1j/view_of_the_union_tonight/elymv8i/,2019-04-27 23:36:14,Pos_score,0.0
147,t3_bi5x1j,elymzaf,LocusSpartan,/r/UIUC/comments/bi5x1j/view_of_the_union_tonight/elymzaf/,2019-04-27 23:37:54,Pos_score,0.0
148,t3_bi5x1j,elynih1,nerd_14_,/r/UIUC/comments/bi5x1j/view_of_the_union_tonight/elynih1/,2019-04-27 23:47:03,Pos_score,0.0
149,t3_bhvc5a,elynwv8,Ghost_Flash,/r/UIUC/comments/bhvc5a/tiger_has_been_found/elynwv8/,2019-04-27 23:54:16,Pos_score,0.495
150,t3_bi7eba,elyo9r7,MrIllini,/r/UIUC/comments/bi7eba/how_is_soc_uiuc/elyo9r7/,2019-04-28 00:00:57,Pos_score,0.12300000000000001
151,t3_bhtp8r,elyod3m,abluedinosaur,/r/UIUC/comments/bhtp8r/what_makes_a_good_cbtf_exam/elyod3m/,2019-04-28 00:02:42,Pos_score,0.0
152,t3_bi74oa,elyoeij,MrIllini,/r/UIUC/comments/bi74oa/per_newsgazette_tomorrow_petry_retired_april_11th/elyoeij/,2019-04-28 00:03:28,Pos_score,0.151
153,t3_bi5ov5,elyoq4i,MrAcurite,/r/UIUC/comments/bi5ov5/student_id/elyoq4i/,2019-04-28 00:09:36,Pos_score,0.042
154,t3_bhtp8r,elyou55,abluedinosaur,/r/UIUC/comments/bhtp8r/what_makes_a_good_cbtf_exam/elyou55/,2019-04-28 00:11:47,Pos_score,0.113
155,t3_bhr9k4,elyowcv,abluedinosaur,/r/UIUC/comments/bhr9k4/psa_it_is_difficult_to_transfer_into_cs/elyowcv/,2019-04-28 00:12:58,Pos_score,0.28600000000000003
156,t3_bhr9k4,elypb8v,frazerkrane,/r/UIUC/comments/bhr9k4/psa_it_is_difficult_to_transfer_into_cs/elypb8v/,2019-04-28 00:21:19,Pos_score,0.0
157,t3_bi1nri,elypbew,yellowsprinkless,/r/UIUC/comments/bi1nri/mcb_advanced_courses/elypbew/,2019-04-28 00:21:25,Pos_score,0.0
158,t3_bhz4e2,elypmla,StripelessZebra,/r/UIUC/comments/bhz4e2/summer_music_options/elypmla/,2019-04-28 00:27:41,Pos_score,0.11599999999999999
159,t3_bi74oa,elyppy0,Battlefront228,/r/UIUC/comments/bi74oa/per_newsgazette_tomorrow_petry_retired_april_11th/elyppy0/,2019-04-28 00:29:35,Pos_score,0.066
160,t3_bi4mxe,elyprsz,Skorpion2425,/r/UIUC/comments/bi4mxe/is_anyone_else_more_hyped_for_attack_on_titan_s3/elyprsz/,2019-04-28 00:30:39,Pos_score,0.0
161,t3_bhgy17,elypxai,lollapaloozauiuc,/r/UIUC/comments/bhgy17/the_absurd_way_andino_is_destroying_my_gpa/elypxai/,2019-04-28 00:33:48,Pos_score,0.226
162,t3_bi7eba,elyq7m1,uiucreddithrowaway,/r/UIUC/comments/bi7eba/how_is_soc_uiuc/elyq7m1/,2019-04-28 00:39:41,Pos_score,0.084
163,t3_bi7eba,elyqmea,JonathanSKent,/r/UIUC/comments/bi7eba/how_is_soc_uiuc/elyqmea/,2019-04-28 00:48:28,Pos_score,0.25
164,t3_bi4bt2,elyqo51,JonathanSKent,/r/UIUC/comments/bi4bt2/phys_214_proficiency/elyqo51/,2019-04-28 00:49:29,Pos_score,0.106
165,t3_bi74oa,elyqz4z,Saintsfan_9,/r/UIUC/comments/bi74oa/per_newsgazette_tomorrow_petry_retired_april_11th/elyqz4z/,2019-04-28 00:56:05,Pos_score,0.233
166,t3_bi74oa,elyr26k,Battlefront228,/r/UIUC/comments/bi74oa/per_newsgazette_tomorrow_petry_retired_april_11th/elyr26k/,2019-04-28 00:57:58,Pos_score,0.11900000000000001
167,t3_bi8aew,elyro0e,rustedsaber,/r/UIUC/comments/bi8aew/are_those_monster_trucks_i_hear/elyro0e/,2019-04-28 01:11:35,Pos_score,0.0
168,t3_bi8aew,elyrpcw,ConTron44,/r/UIUC/comments/bi8aew/are_those_monster_trucks_i_hear/elyrpcw/,2019-04-28 01:12:26,Pos_score,0.43200000000000005
169,t3_bi8ghz,elyt3n5,PattakaK,/r/UIUC/comments/bi8ghz/when_the_bus_starts_to_roll_away_as_youre_running/elyt3n5/,2019-04-28 01:45:17,Pos_score,0.0
170,t3_bi8aew,elytaf6,itazurakko,/r/UIUC/comments/bi8aew/are_those_monster_trucks_i_hear/elytaf6/,2019-04-28 01:49:49,Pos_score,0.095
171,t3_bi3p2l,elyul8f,lednakashim,/r/UIUC/comments/bi3p2l/just_got_accepted_to_cs_ling_as_a_transfer_any/elyul8f/,2019-04-28 02:22:25,Pos_score,0.0
172,t3_bhulo5,elyvn8l,Patahoenia,/r/UIUC/comments/bhulo5/fuck_chapagn_gaign/elyvn8l/,2019-04-28 02:49:45,Pos_score,0.0
173,t3_bi8ulz,elyw8g5,orangepuppy8,/r/UIUC/comments/bi8ulz/funny_meme_i_saw_on_twitter/elyw8g5/,2019-04-28 03:05:54,Pos_score,0.0
174,t3_bi7eba,elywcmn,Cjcager2,/r/UIUC/comments/bi7eba/how_is_soc_uiuc/elywcmn/,2019-04-28 03:09:12,Pos_score,0.256
175,t3_bi5x1j,elywtn1,Cudi420,/r/UIUC/comments/bi5x1j/view_of_the_union_tonight/elywtn1/,2019-04-28 03:22:36,Pos_score,0.21600000000000003
176,t3_bi7gj0,elyww4d,qball97,/r/UIUC/comments/bi7gj0/free_parking_on_or_around_campus/elyww4d/,2019-04-28 03:24:37,Pos_score,0.736
177,t3_bi8ulz,elywymt,Rude_Duck,/r/UIUC/comments/bi8ulz/funny_meme_i_saw_on_twitter/elywymt/,2019-04-28 03:26:36,Pos_score,0.0
178,t3_bi8yp5,elyx9mi,Battlefront228,/r/UIUC/comments/bi8yp5/upvote_if_suburban_express_should_go_suck_a_fat/elyx9mi/,2019-04-28 03:35:13,Pos_score,0.127
179,t3_bhti2h,elyy5pn,jsmosby,/r/UIUC/comments/bhti2h/christensens_lawyers_say_hes_abandoning/elyy5pn/,2019-04-28 04:01:24,Pos_score,0.102
180,t3_bi0dwl,elyz55g,supreme-dominar,/r/UIUC/comments/bi0dwl/congratulations_to_all_the_runners_from_todays/elyz55g/,2019-04-28 04:30:35,Pos_score,0.05
181,t3_bhwb0p,elyznkh,UIUCFreshSoph,/r/UIUC/comments/bhwb0p/selling_iclicker2/elyznkh/,2019-04-28 04:45:47,Pos_score,0.0
182,t3_bhwgyz,elz1qh2,ra3xgambit,/r/UIUC/comments/bhwgyz/iclicker_for_sale_40_obo/elz1qh2/,2019-04-28 05:45:11,Pos_score,0.0
183,t3_bi9t9q,elz39yn,ra3xgambit,/r/UIUC/comments/bi9t9q/hablantes_de_herencia_de_uiuc/elz39yn/,2019-04-28 06:25:29,Pos_score,0.0
184,t3_bi9t9q,elz3uia,LeoDGTV,/r/UIUC/comments/bi9t9q/hablantes_de_herencia_de_uiuc/elz3uia/,2019-04-28 06:38:57,Pos_score,0.0
185,t3_bi74oa,elz52lo,AlmostGrad100,/r/UIUC/comments/bi74oa/per_newsgazette_tomorrow_petry_retired_april_11th/elz52lo/,2019-04-28 07:05:36,Pos_score,0.075
186,t3_bi0dwl,elz58ye,AlmostGrad100,/r/UIUC/comments/bi0dwl/congratulations_to_all_the_runners_from_todays/elz58ye/,2019-04-28 07:09:23,Pos_score,0.27399999999999997
187,t3_bi8aew,elz7e1s,android_throw_fun,/r/UIUC/comments/bi8aew/are_those_monster_trucks_i_hear/elz7e1s/,2019-04-28 07:46:28,Pos_score,0.0
188,t3_bianyq,elz7xc4,JohnBambenek,/r/UIUC/comments/bianyq/emails_professor_petrys_absence_created_stir_at_ui/elz7xc4/,2019-04-28 07:54:40,Pos_score,0.068
189,t3_bi8ghz,elz81a3,AlmostGrad100,/r/UIUC/comments/bi8ghz/when_the_bus_starts_to_roll_away_as_youre_running/elz81a3/,2019-04-28 07:56:13,Pos_score,0.0
190,t3_bi74oa,elzam1e,Ruriks-Keep,/r/UIUC/comments/bi74oa/per_newsgazette_tomorrow_petry_retired_april_11th/elzam1e/,2019-04-28 08:34:22,Pos_score,0.36700000000000005
191,t3_bianyq,elzb01j,imtherealistonhere,/r/UIUC/comments/bianyq/emails_professor_petrys_absence_created_stir_at_ui/elzb01j/,2019-04-28 08:39:57,Pos_score,0.0
192,t3_bi9t9q,elzc7gh,ObeseJayCutler,/r/UIUC/comments/bi9t9q/hablantes_de_herencia_de_uiuc/elzc7gh/,2019-04-28 08:56:27,Pos_score,0.0
193,t3_bi9t9q,elzca04,LeoDGTV,/r/UIUC/comments/bi9t9q/hablantes_de_herencia_de_uiuc/elzca04/,2019-04-28 08:57:23,Pos_score,0.0
194,t3_bi74oa,elzcbi1,JohnBambenek,/r/UIUC/comments/bi74oa/per_newsgazette_tomorrow_petry_retired_april_11th/elzcbi1/,2019-04-28 08:57:56,Pos_score,0.0
195,t3_bi9t9q,elzcepa,SciFiShroom,/r/UIUC/comments/bi9t9q/hablantes_de_herencia_de_uiuc/elzcepa/,2019-04-28 08:59:08,Pos_score,0.0
196,t3_bi9t9q,elzcx09,LeoDGTV,/r/UIUC/comments/bi9t9q/hablantes_de_herencia_de_uiuc/elzcx09/,2019-04-28 09:06:07,Pos_score,0.0
197,t3_bi4bt2,elzdrbh,Linkinvers,/r/UIUC/comments/bi4bt2/phys_214_proficiency/elzdrbh/,2019-04-28 09:17:24,Pos_score,0.22
198,t3_bi6chz,elzdxxu,Clers,/r/UIUC/comments/bi6chz/201_s_wright_st_jsm/elzdxxu/,2019-04-28 09:19:40,Pos_score,0.158
199,t3_bi3m2q,elzepqj,brownsatin,/r/UIUC/comments/bi3m2q/congrats_to_illini_c_nick_allegretti_drafted_by/elzepqj/,2019-04-28 09:29:08,Pos_score,0.151
200,t3_bi0dwl,elzeqve,Floss-Boss,/r/UIUC/comments/bi0dwl/congratulations_to_all_the_runners_from_todays/elzeqve/,2019-04-28 09:29:31,Pos_score,0.0
201,t3_bi4bt2,elzf8ve,Goavengers,/r/UIUC/comments/bi4bt2/phys_214_proficiency/elzf8ve/,2019-04-28 09:35:37,Pos_score,0.0
202,t3_bi4bt2,elzfdwh,Goavengers,/r/UIUC/comments/bi4bt2/phys_214_proficiency/elzfdwh/,2019-04-28 09:37:18,Pos_score,0.10300000000000001
203,t3_bbg99h,elzfqz3,whiteowl725,/r/UIUC/comments/bbg99h/answered_where_is_petry/elzfqz3/,2019-04-28 09:41:53,Pos_score,0.085
204,t3_bi8aew,elzfu57,ConTron44,/r/UIUC/comments/bi8aew/are_those_monster_trucks_i_hear/elzfu57/,2019-04-28 09:42:59,Pos_score,0.6659999999999999
205,t3_biazp2,elzgxc7,UnclePutin,/r/UIUC/comments/biazp2/for_many_in_champaign_county_one_fulltime_job/elzgxc7/,2019-04-28 09:56:31,Pos_score,0.091
206,t3_bi4bt2,elzis6o,Linkinvers,/r/UIUC/comments/bi4bt2/phys_214_proficiency/elzis6o/,2019-04-28 10:19:07,Pos_score,0.0
207,t3_biazp2,elzj7ts,AlmostGrad100,/r/UIUC/comments/biazp2/for_many_in_champaign_county_one_fulltime_job/elzj7ts/,2019-04-28 10:24:28,Pos_score,0.128
208,t3_biazp2,elzkfuc,IlliniGuy2,/r/UIUC/comments/biazp2/for_many_in_champaign_county_one_fulltime_job/elzkfuc/,2019-04-28 10:39:14,Pos_score,0.0
209,t3_ann2nk,elzkxgh,innerpartysystem1234,/r/UIUC/comments/ann2nk/how_to_join_illinois_consulting_academy/elzkxgh/,2019-04-28 10:45:04,Pos_score,0.09699999999999999
210,t3_biazp2,elzlkb8,AlmostGrad100,/r/UIUC/comments/biazp2/for_many_in_champaign_county_one_fulltime_job/elzlkb8/,2019-04-28 10:52:50,Pos_score,0.0
211,t3_biazp2,elzmi96,IlliniGuy2,/r/UIUC/comments/biazp2/for_many_in_champaign_county_one_fulltime_job/elzmi96/,2019-04-28 11:03:46,Pos_score,0.179
212,t3_bi30ut,elzn1lx,actual-trash,/r/UIUC/comments/bi30ut/are_there_any_rsos_where_you_can_play_with/elzn1lx/,2019-04-28 11:09:55,Pos_score,0.13699999999999998
213,t3_biazp2,elznfxf,UnclePutin,/r/UIUC/comments/biazp2/for_many_in_champaign_county_one_fulltime_job/elznfxf/,2019-04-28 11:14:20,Pos_score,0.131
214,t3_bicrqp,elznkkh,Styleboym,/r/UIUC/comments/bicrqp/just_curiousspring_jam/elznkkh/,2019-04-28 11:15:40,Pos_score,0.062
215,t3_bi9t9q,elznxb7,Publicfalsher,/r/UIUC/comments/bi9t9q/hablantes_de_herencia_de_uiuc/elznxb7/,2019-04-28 11:19:35,Pos_score,0.0
216,t3_bicm39,elzo1cx,gamera72,/r/UIUC/comments/bicm39/why_is_it_called_joes_brewery_if_it_doesnt_brew/elzo1cx/,2019-04-28 11:20:48,Pos_score,0.031
217,t3_bhdw8j,elzp1d9,ktnli,/r/UIUC/comments/bhdw8j/where_do_u_buy_cute_umbrellas/elzp1d9/,2019-04-28 11:32:13,Pos_score,0.155
218,t3_bicm39,elzpez8,blake1120,/r/UIUC/comments/bicm39/why_is_it_called_joes_brewery_if_it_doesnt_brew/elzpez8/,2019-04-28 11:36:35,Pos_score,0.655
219,t3_bi7gj0,elzpl4e,DrFredNES,/r/UIUC/comments/bi7gj0/free_parking_on_or_around_campus/elzpl4e/,2019-04-28 11:38:33,Pos_score,0.192
220,t3_bi8yp5,elzpsfv,eadala,/r/UIUC/comments/bi8yp5/upvote_if_suburban_express_should_go_suck_a_fat/elzpsfv/,2019-04-28 11:40:55,Pos_score,0.217
221,t3_bib6tf,elzpx4m,theillini19,/r/UIUC/comments/bib6tf/people_trying_to_transfer_into_cs/elzpx4m/,2019-04-28 11:42:26,Pos_score,0.0
222,t3_bi3m2q,elzpz0i,638294,/r/UIUC/comments/bi3m2q/congrats_to_illini_c_nick_allegretti_drafted_by/elzpz0i/,2019-04-28 11:43:03,Pos_score,0.14
223,t3_bicvmz,elzqkqu,gamera72,/r/UIUC/comments/bicvmz/job_market_in_the_culinary_industry/elzqkqu/,2019-04-28 11:50:21,Pos_score,0.121
224,t3_bicvmz,elzr6vw,RoyalBlueMoose,/r/UIUC/comments/bicvmz/job_market_in_the_culinary_industry/elzr6vw/,2019-04-28 11:57:50,Pos_score,0.087
225,t3_bi7eba,elzrcea,Richie77727,/r/UIUC/comments/bi7eba/how_is_soc_uiuc/elzrcea/,2019-04-28 11:59:37,Pos_score,0.124
226,t3_bhr9k4,elztf4j,jeffgerickson,/r/UIUC/comments/bhr9k4/psa_it_is_difficult_to_transfer_into_cs/elztf4j/,2019-04-28 12:23:29,Pos_score,0.0
227,t3_biazp2,elzu5k7,Beake,/r/UIUC/comments/biazp2/for_many_in_champaign_county_one_fulltime_job/elzu5k7/,2019-04-28 12:31:40,Pos_score,0.0
228,t3_biazp2,elzucjc,Beake,/r/UIUC/comments/biazp2/for_many_in_champaign_county_one_fulltime_job/elzucjc/,2019-04-28 12:33:53,Pos_score,0.0
229,t3_bib6tf,elzul5n,bisbyx,/r/UIUC/comments/bib6tf/people_trying_to_transfer_into_cs/elzul5n/,2019-04-28 12:36:38,Pos_score,0.0
230,t3_bhv343,elxa3jo,shuxue,/r/UIUC/comments/bhv343/will_i_regret_bringing_a_bike_to_campus/elxa3jo/,2019-04-27 12:38:14,Neg_score,0.0
231,t3_bhtga3,elxa6m2,kappast,/r/UIUC/comments/bhtga3/i_found_the_person_that_has_been_throwing_brick/elxa6m2/,2019-04-27 12:39:18,Neg_score,0.17800000000000002
232,t3_b53xm4,elxam0e,luke-duke-95,/r/UIUC/comments/b53xm4/fall_2019_schedule_megathread/elxam0e/,2019-04-27 12:44:43,Neg_score,0.0
233,t3_bhnz2c,elxb5gc,Evilcow867,/r/UIUC/comments/bhnz2c/spanish_3_course/elxb5gc/,2019-04-27 12:51:33,Neg_score,0.096
234,t3_bhz4e2,elxbdhv,glaba314,/r/UIUC/comments/bhz4e2/summer_music_options/elxbdhv/,2019-04-27 12:54:22,Neg_score,0.0
235,t3_bhulo5,elxbmhd,chemgod44,/r/UIUC/comments/bhulo5/fuck_chapagn_gaign/elxbmhd/,2019-04-27 12:57:30,Neg_score,0.174
236,t3_bi1nri,elxbzzd,Cerasii,/r/UIUC/comments/bi1nri/mcb_advanced_courses/elxbzzd/,2019-04-27 13:02:09,Neg_score,0.0
237,t3_bi1nri,elxc13d,chemgod44,/r/UIUC/comments/bi1nri/mcb_advanced_courses/elxc13d/,2019-04-27 13:02:32,Neg_score,0.0
238,t3_bhz4e2,elxc5so,greentreefrog8,/r/UIUC/comments/bhz4e2/summer_music_options/elxc5so/,2019-04-27 13:04:10,Neg_score,0.0
239,t3_bhbvb9,elxccm2,LetsGoCubbies,/r/UIUC/comments/bhbvb9/champaign_gangs_be_like/elxccm2/,2019-04-27 13:06:29,Neg_score,0.0
240,t3_bhz4e2,elxcg20,glaba314,/r/UIUC/comments/bhz4e2/summer_music_options/elxcg20/,2019-04-27 13:07:40,Neg_score,0.0
241,t3_bi0dwl,elxd2uu,Mcpaddyquack,/r/UIUC/comments/bi0dwl/congratulations_to_all_the_runners_from_todays/elxd2uu/,2019-04-27 13:15:44,Neg_score,0.0
242,t3_bhtozv,elxe5tc,illinifan2222,/r/UIUC/comments/bhtozv/unpopular_opinion_fuck_the_illinois_marathon/elxe5tc/,2019-04-27 13:29:16,Neg_score,0.0
243,t3_bhv5gp,elxf07k,ra3xgambit,/r/UIUC/comments/bhv5gp/how_are_you_guys_planning_to_pregame_the_lil/elxf07k/,2019-04-27 13:40:01,Neg_score,0.0
244,t3_bhv5gp,elxfggy,SUN-BAT-HER,/r/UIUC/comments/bhv5gp/how_are_you_guys_planning_to_pregame_the_lil/elxfggy/,2019-04-27 13:45:41,Neg_score,0.184
245,t3_bi08wk,elxfleg,odpsue,/r/UIUC/comments/bi08wk/1000_sublease_for_3_months_utilities_included/elxfleg/,2019-04-27 13:47:27,Neg_score,0.0
246,t3_bhv5gp,elxfvtj,lurkerboi132,/r/UIUC/comments/bhv5gp/how_are_you_guys_planning_to_pregame_the_lil/elxfvtj/,2019-04-27 13:51:11,Neg_score,0.0
247,t3_bi1uzr,elxfw8w,grape_juice11,/r/UIUC/comments/bi1uzr/found_this_in_my_closet_the_day_i_moved_in_my/elxfw8w/,2019-04-27 13:51:21,Neg_score,0.524
248,t3_bb0kwk,elxfxvy,justlookingtobuyassc,/r/UIUC/comments/bb0kwk/uiuc_double_majordual_major_or_idk_questions/elxfxvy/,2019-04-27 13:51:58,Neg_score,0.0
249,t3_bi1uzr,elxg2x1,theillini19,/r/UIUC/comments/bi1uzr/found_this_in_my_closet_the_day_i_moved_in_my/elxg2x1/,2019-04-27 13:53:46,Neg_score,0.0
250,t3_bhulo5,elxg3yz,JustAFratBoy,/r/UIUC/comments/bhulo5/fuck_chapagn_gaign/elxg3yz/,2019-04-27 13:54:08,Neg_score,0.0
251,t3_bhv2gv,elxg8g0,mashsm,/r/UIUC/comments/bhv2gv/petry_to_retire_ui_professor_under_investigation/elxg8g0/,2019-04-27 13:55:40,Neg_score,0.045
252,t3_bhv5gp,elxgj2j,SUN-BAT-HER,/r/UIUC/comments/bhv5gp/how_are_you_guys_planning_to_pregame_the_lil/elxgj2j/,2019-04-27 13:59:24,Neg_score,0.0
253,t3_bhv5gp,elxgjr8,SUN-BAT-HER,/r/UIUC/comments/bhv5gp/how_are_you_guys_planning_to_pregame_the_lil/elxgjr8/,2019-04-27 13:59:38,Neg_score,0.0
254,t3_bi0dwl,elxhllf,DreadPirateRoberts98,/r/UIUC/comments/bi0dwl/congratulations_to_all_the_runners_from_todays/elxhllf/,2019-04-27 14:12:43,Neg_score,0.0
255,t3_befuxq,elxhs9s,shedeeed,/r/UIUC/comments/befuxq/introducing_a_new_textsheetlitanswers_alternative/elxhs9s/,2019-04-27 14:15:05,Neg_score,0.28600000000000003
256,t3_bi08wk,elxhv9c,TypicalChallenge,/r/UIUC/comments/bi08wk/1000_sublease_for_3_months_utilities_included/elxhv9c/,2019-04-27 14:16:10,Neg_score,0.141
257,t3_bhv5gp,elxi3ws,ra3xgambit,/r/UIUC/comments/bhv5gp/how_are_you_guys_planning_to_pregame_the_lil/elxi3ws/,2019-04-27 14:19:12,Neg_score,0.0
258,t3_bi2dua,elxi9ki,theillini19,/r/UIUC/comments/bi2dua/shower_thought_if_someone_on_reddit_says_theyre/elxi9ki/,2019-04-27 14:21:04,Neg_score,0.0
259,t3_bhq0a1,elxiao4,goldeneag,/r/UIUC/comments/bhq0a1/college_of_mediarso_collaborating_with_other/elxiao4/,2019-04-27 14:21:26,Neg_score,0.0
260,t3_bi0dwl,elxk5md,icecoolsushobhan,/r/UIUC/comments/bi0dwl/congratulations_to_all_the_runners_from_todays/elxk5md/,2019-04-27 14:44:32,Neg_score,0.0
261,t3_bhx79d,elxkizi,The-Wise-Banana,/r/UIUC/comments/bhx79d/eng_mechanics_students_what_secondary_field_did/elxkizi/,2019-04-27 14:49:12,Neg_score,0.0
262,t3_bhv5gp,elxlnl7,jimgilmore2016,/r/UIUC/comments/bhv5gp/how_are_you_guys_planning_to_pregame_the_lil/elxlnl7/,2019-04-27 15:03:14,Neg_score,0.294
263,t3_bhq7yq,elxmgjo,starry_2019,/r/UIUC/comments/bhq7yq/uiuc_students_findvisualize_the_shortest_path_to/elxmgjo/,2019-04-27 15:13:12,Neg_score,0.0
264,t3_bhtga3,elxmsdx,lurkerboi132,/r/UIUC/comments/bhtga3/i_found_the_person_that_has_been_throwing_brick/elxmsdx/,2019-04-27 15:17:21,Neg_score,0.0
265,t3_bi0dwl,elxna2u,Motorvision,/r/UIUC/comments/bi0dwl/congratulations_to_all_the_runners_from_todays/elxna2u/,2019-04-27 15:23:44,Neg_score,0.0
266,t3_bi1uzr,elxne87,blake1120,/r/UIUC/comments/bi1uzr/found_this_in_my_closet_the_day_i_moved_in_my/elxne87/,2019-04-27 15:25:13,Neg_score,0.0
267,t3_bi1uzr,elxo1s8,JustAFratBoy,/r/UIUC/comments/bi1uzr/found_this_in_my_closet_the_day_i_moved_in_my/elxo1s8/,2019-04-27 15:33:36,Neg_score,0.0
268,t3_bhv5gp,elxoech,spond550,/r/UIUC/comments/bhv5gp/how_are_you_guys_planning_to_pregame_the_lil/elxoech/,2019-04-27 15:37:57,Neg_score,0.135
269,t3_bi3bmf,elxolaf,MrIllini,/r/UIUC/comments/bi3bmf/prospective_transfer_student_from_ca_cc_here_how/elxolaf/,2019-04-27 15:40:20,Neg_score,0.0
270,t3_bi34v0,elxomce,MrIllini,/r/UIUC/comments/bi34v0/rhet_233_project_survey/elxomce/,2019-04-27 15:40:43,Neg_score,0.0
271,t3_bhv2gv,elxoq7a,skitzzxo,/r/UIUC/comments/bhv2gv/petry_to_retire_ui_professor_under_investigation/elxoq7a/,2019-04-27 15:42:03,Neg_score,0.0
272,t3_bhv2gv,elxos9k,skitzzxo,/r/UIUC/comments/bhv2gv/petry_to_retire_ui_professor_under_investigation/elxos9k/,2019-04-27 15:42:46,Neg_score,0.0
273,t3_bhv2gv,elxowg0,skitzzxo,/r/UIUC/comments/bhv2gv/petry_to_retire_ui_professor_under_investigation/elxowg0/,2019-04-27 15:44:15,Neg_score,0.11800000000000001
274,t3_bi30ut,elxp5pe,notopoli,/r/UIUC/comments/bi30ut/are_there_any_rsos_where_you_can_play_with/elxp5pe/,2019-04-27 15:47:32,Neg_score,0.0
275,t3_bi3bmf,elxphzk,Inkwriter2,/r/UIUC/comments/bi3bmf/prospective_transfer_student_from_ca_cc_here_how/elxphzk/,2019-04-27 15:51:55,Neg_score,0.034
276,t3_bi1uzr,elxpoqm,quickreleasefob,/r/UIUC/comments/bi1uzr/found_this_in_my_closet_the_day_i_moved_in_my/elxpoqm/,2019-04-27 15:54:11,Neg_score,0.0
277,t3_bhtozv,elxq0c2,anarchonobody,/r/UIUC/comments/bhtozv/unpopular_opinion_fuck_the_illinois_marathon/elxq0c2/,2019-04-27 15:58:09,Neg_score,0.0
278,t3_bhtozv,elxq9ud,anarchonobody,/r/UIUC/comments/bhtozv/unpopular_opinion_fuck_the_illinois_marathon/elxq9ud/,2019-04-27 16:01:27,Neg_score,0.0
279,t3_bhtozv,elxqi4u,dogemaster00,/r/UIUC/comments/bhtozv/unpopular_opinion_fuck_the_illinois_marathon/elxqi4u/,2019-04-27 16:04:17,Neg_score,0.048
280,t3_bi3bmf,elxqkx1,cartesiancausain,/r/UIUC/comments/bi3bmf/prospective_transfer_student_from_ca_cc_here_how/elxqkx1/,2019-04-27 16:05:13,Neg_score,0.122
281,t3_bfr1ps,elxqplz,Ace1207,/r/UIUC/comments/bfr1ps/does_anyone_know_when_waitlist_decisions_are/elxqplz/,2019-04-27 16:06:50,Neg_score,0.02
282,t3_bi3p2l,elxrkwf,[deleted],/r/UIUC/comments/bi3p2l/just_got_accepted_to_cs_ling_as_a_transfer_any/elxrkwf/,2019-04-27 16:17:40,Neg_score,0.0
283,t3_bi1uzr,elxrl0o,Viklove,/r/UIUC/comments/bi1uzr/found_this_in_my_closet_the_day_i_moved_in_my/elxrl0o/,2019-04-27 16:17:42,Neg_score,1.0
284,t3_bhv0pu,elxrmye,businessasusual0235,/r/UIUC/comments/bhv0pu/ui_professor_under_investigation_says_hell_leave/elxrmye/,2019-04-27 16:18:23,Neg_score,0.084
285,t3_bhv2gv,elxs2yu,AlmostGrad100,/r/UIUC/comments/bhv2gv/petry_to_retire_ui_professor_under_investigation/elxs2yu/,2019-04-27 16:23:58,Neg_score,0.063
286,t3_bi0dwl,elxs9nr,gusofk,/r/UIUC/comments/bi0dwl/congratulations_to_all_the_runners_from_todays/elxs9nr/,2019-04-27 16:26:14,Neg_score,0.0
287,t3_bhv2gv,elxshrq,A_For_Anarchy,/r/UIUC/comments/bhv2gv/petry_to_retire_ui_professor_under_investigation/elxshrq/,2019-04-27 16:28:55,Neg_score,0.18100000000000002
288,t3_bhap38,elxsn93,A_For_Anarchy,/r/UIUC/comments/bhap38/university_listing_joe_petrys_job/elxsn93/,2019-04-27 16:30:48,Neg_score,0.304
289,t3_bhv5gp,elxt5od,ra3xgambit,/r/UIUC/comments/bhv5gp/how_are_you_guys_planning_to_pregame_the_lil/elxt5od/,2019-04-27 16:37:10,Neg_score,0.156
290,t3_bi0dwl,elxte45,icecoolsushobhan,/r/UIUC/comments/bi0dwl/congratulations_to_all_the_runners_from_todays/elxte45/,2019-04-27 16:40:07,Neg_score,0.063
291,t3_bf7xx2,elxtksh,sfauycskyou,/r/UIUC/comments/bf7xx2/does_anyone_know_of_any_reasonably_priced_hotels/elxtksh/,2019-04-27 16:42:28,Neg_score,0.0
292,t3_bhv2gv,elxtyhx,AlmostGrad100,/r/UIUC/comments/bhv2gv/petry_to_retire_ui_professor_under_investigation/elxtyhx/,2019-04-27 16:47:21,Neg_score,0.018000000000000002
293,t3_bi3p2l,elxuha4,Sleepylinguist,/r/UIUC/comments/bi3p2l/just_got_accepted_to_cs_ling_as_a_transfer_any/elxuha4/,2019-04-27 16:54:07,Neg_score,0.18600000000000003
294,t3_bi08wk,elxv99l,lollapaloozauiuc,/r/UIUC/comments/bi08wk/1000_sublease_for_3_months_utilities_included/elxv99l/,2019-04-27 17:03:58,Neg_score,0.0
295,t3_bh5hqd,elxvfcw,lollapaloozauiuc,/r/UIUC/comments/bh5hqd/to_all_of_you_that_are_choosing_classes_for_the/elxvfcw/,2019-04-27 17:06:00,Neg_score,0.0
296,t3_bhwgyz,elxvfwo,yo_yo_homieg,/r/UIUC/comments/bhwgyz/iclicker_for_sale_40_obo/elxvfwo/,2019-04-27 17:06:12,Neg_score,0.259
297,t3_bi1c0d,elxw3ii,IlliniGuy2,/r/UIUC/comments/bi1c0d/summer_2019_sublet_3br_2_bath/elxw3ii/,2019-04-27 17:14:25,Neg_score,0.158
298,t3_bhtozv,elxwlmp,anarchonobody,/r/UIUC/comments/bhtozv/unpopular_opinion_fuck_the_illinois_marathon/elxwlmp/,2019-04-27 17:20:43,Neg_score,0.231
299,t3_bi3p2l,elxwoaf,freshofftheboaty,/r/UIUC/comments/bi3p2l/just_got_accepted_to_cs_ling_as_a_transfer_any/elxwoaf/,2019-04-27 17:21:36,Neg_score,0.0
300,t3_bbi94j,elxxahe,battlefront1387,/r/UIUC/comments/bbi94j/best_thing_ive_heard_on_campus_as_an_mcb_major/elxxahe/,2019-04-27 17:29:08,Neg_score,0.255
301,t3_bi30ut,elxxb9e,actual-trash,/r/UIUC/comments/bi30ut/are_there_any_rsos_where_you_can_play_with/elxxb9e/,2019-04-27 17:29:25,Neg_score,0.084
302,t3_bhv343,elxxg3z,MrIllini,/r/UIUC/comments/bhv343/will_i_regret_bringing_a_bike_to_campus/elxxg3z/,2019-04-27 17:31:10,Neg_score,0.0
303,t3_bi0dwl,elxyht1,saladforkmcgee,/r/UIUC/comments/bi0dwl/congratulations_to_all_the_runners_from_todays/elxyht1/,2019-04-27 17:44:20,Neg_score,0.0
304,t3_bi0dwl,elxyii0,saladforkmcgee,/r/UIUC/comments/bi0dwl/congratulations_to_all_the_runners_from_todays/elxyii0/,2019-04-27 17:44:35,Neg_score,0.0
305,t3_bhtozv,elxyq5h,dogemaster00,/r/UIUC/comments/bhtozv/unpopular_opinion_fuck_the_illinois_marathon/elxyq5h/,2019-04-27 17:47:20,Neg_score,0.0
306,t3_bhz9bw,elxyyyg,flingleforp,/r/UIUC/comments/bhz9bw/is_there_someone_screaming_near_lion_the_past_hour/elxyyyg/,2019-04-27 17:50:32,Neg_score,0.25
307,t3_bi4mxe,elxz047,4511Seg,/r/UIUC/comments/bi4mxe/is_anyone_else_more_hyped_for_attack_on_titan_s3/elxz047/,2019-04-27 17:50:57,Neg_score,1.0
308,t3_bhtp8r,elxz3lp,paulrulez742,/r/UIUC/comments/bhtp8r/what_makes_a_good_cbtf_exam/elxz3lp/,2019-04-27 17:52:13,Neg_score,0.139
309,t3_bi4mxe,elxz7em,krogreddit,/r/UIUC/comments/bi4mxe/is_anyone_else_more_hyped_for_attack_on_titan_s3/elxz7em/,2019-04-27 17:53:35,Neg_score,0.0
310,t3_b53xm4,elxzol4,paulrulez742,/r/UIUC/comments/b53xm4/fall_2019_schedule_megathread/elxzol4/,2019-04-27 17:59:26,Neg_score,0.14800000000000002
311,t3_b53xm4,elxzs2l,paulrulez742,/r/UIUC/comments/b53xm4/fall_2019_schedule_megathread/elxzs2l/,2019-04-27 18:00:41,Neg_score,0.0
312,t3_bhvc5a,elxzy2z,HeddaHopper,/r/UIUC/comments/bhvc5a/tiger_has_been_found/elxzy2z/,2019-04-27 18:02:51,Neg_score,0.22699999999999998
313,t3_bi0dwl,ely00uh,JLou98,/r/UIUC/comments/bi0dwl/congratulations_to_all_the_runners_from_todays/ely00uh/,2019-04-27 18:03:52,Neg_score,0.0
314,t3_bi0dwl,ely044f,icecoolsushobhan,/r/UIUC/comments/bi0dwl/congratulations_to_all_the_runners_from_todays/ely044f/,2019-04-27 18:05:03,Neg_score,0.555
315,t3_bfr1ps,ely0htr,howardv11,/r/UIUC/comments/bfr1ps/does_anyone_know_when_waitlist_decisions_are/ely0htr/,2019-04-27 18:09:59,Neg_score,0.0
316,t3_bhwgyz,ely11ry,UIUCFreshSoph,/r/UIUC/comments/bhwgyz/iclicker_for_sale_40_obo/ely11ry/,2019-04-27 18:17:08,Neg_score,0.0
317,t3_bhwgyz,ely139k,UIUCFreshSoph,/r/UIUC/comments/bhwgyz/iclicker_for_sale_40_obo/ely139k/,2019-04-27 18:17:40,Neg_score,0.111
318,t3_bhwgyz,ely1osl,iClickerSales,/r/UIUC/comments/bhwgyz/iclicker_for_sale_40_obo/ely1osl/,2019-04-27 18:25:16,Neg_score,0.0
319,t3_b53xm4,ely2hma,kyomun,/r/UIUC/comments/b53xm4/fall_2019_schedule_megathread/ely2hma/,2019-04-27 18:35:43,Neg_score,0.0
320,t3_bhwgyz,ely2hxh,Tautline,/r/UIUC/comments/bhwgyz/iclicker_for_sale_40_obo/ely2hxh/,2019-04-27 18:35:50,Neg_score,0.0
321,t3_b8w5a3,ely2jqg,s0ggyn00dl3,/r/UIUC/comments/b8w5a3/nugent_hall_llc/ely2jqg/,2019-04-27 18:36:29,Neg_score,0.0
322,t3_bhv2gv,ely2kt1,Dinothegreat86,/r/UIUC/comments/bhv2gv/petry_to_retire_ui_professor_under_investigation/ely2kt1/,2019-04-27 18:36:52,Neg_score,0.075
323,t3_bhwgyz,ely2l8g,iClickerSales,/r/UIUC/comments/bhwgyz/iclicker_for_sale_40_obo/ely2l8g/,2019-04-27 18:37:02,Neg_score,0.0
324,t3_bi0dwl,ely33n0,rob_s_458,/r/UIUC/comments/bi0dwl/congratulations_to_all_the_runners_from_todays/ely33n0/,2019-04-27 18:43:44,Neg_score,0.11
325,t3_bi0dwl,ely3a0o,icecoolsushobhan,/r/UIUC/comments/bi0dwl/congratulations_to_all_the_runners_from_todays/ely3a0o/,2019-04-27 18:45:59,Neg_score,0.0
326,t3_bi0dwl,ely3ggn,rob_s_458,/r/UIUC/comments/bi0dwl/congratulations_to_all_the_runners_from_todays/ely3ggn/,2019-04-27 18:48:17,Neg_score,0.172
327,t3_bi3m2q,ely46vl,truebluebarista,/r/UIUC/comments/bi3m2q/congrats_to_illini_c_nick_allegretti_drafted_by/ely46vl/,2019-04-27 18:57:29,Neg_score,0.0
328,t3_bhv2gv,ely4ogm,mashsm,/r/UIUC/comments/bhv2gv/petry_to_retire_ui_professor_under_investigation/ely4ogm/,2019-04-27 19:04:17,Neg_score,0.11800000000000001
329,t3_bi4mxe,ely5idv,flingleforp,/r/UIUC/comments/bi4mxe/is_anyone_else_more_hyped_for_attack_on_titan_s3/ely5idv/,2019-04-27 19:15:56,Neg_score,0.0
330,t3_bi4mxe,ely5s5m,chimpfunkz,/r/UIUC/comments/bi4mxe/is_anyone_else_more_hyped_for_attack_on_titan_s3/ely5s5m/,2019-04-27 19:19:43,Neg_score,0.154
331,t3_b8w5a3,ely719y,bookishweirdo,/r/UIUC/comments/b8w5a3/nugent_hall_llc/ely719y/,2019-04-27 19:37:08,Neg_score,0.0
332,t3_bi3p2l,ely7wuz,th1sguyaga1n,/r/UIUC/comments/bi3p2l/just_got_accepted_to_cs_ling_as_a_transfer_any/ely7wuz/,2019-04-27 19:49:31,Neg_score,0.066
333,t3_bi5ov5,ely877x,Battlefront228,/r/UIUC/comments/bi5ov5/student_id/ely877x/,2019-04-27 19:53:39,Neg_score,0.196
334,t3_bi3p2l,ely8gt4,Inkwriter2,/r/UIUC/comments/bi3p2l/just_got_accepted_to_cs_ling_as_a_transfer_any/ely8gt4/,2019-04-27 19:57:24,Neg_score,0.063
335,t3_bi5ov5,ely926t,mishlc,/r/UIUC/comments/bi5ov5/student_id/ely926t/,2019-04-27 20:06:02,Neg_score,0.0
336,t3_bi4vpy,elyad2h,absoluteunimpressed,/r/UIUC/comments/bi4vpy/looking_for_summer_sublease/elyad2h/,2019-04-27 20:24:39,Neg_score,0.0
337,t3_bi53j5,elyak1o,lollapaloozauiuc,/r/UIUC/comments/bi53j5/senior_schedule_for_fall_2019/elyak1o/,2019-04-27 20:27:25,Neg_score,0.066
338,t3_bhz4e2,elydbuz,greentreefrog8,/r/UIUC/comments/bhz4e2/summer_music_options/elydbuz/,2019-04-27 21:07:38,Neg_score,0.457
339,t3_bi0dwl,elydyw0,AlmostGrad100,/r/UIUC/comments/bi0dwl/congratulations_to_all_the_runners_from_todays/elydyw0/,2019-04-27 21:16:44,Neg_score,0.27899999999999997
340,t3_bi6chz,elyedl5,Clers,/r/UIUC/comments/bi6chz/201_s_wright_st_jsm/elyedl5/,2019-04-27 21:22:44,Neg_score,0.098
341,t3_bi6chz,elyetuz,gilaisland,/r/UIUC/comments/bi6chz/201_s_wright_st_jsm/elyetuz/,2019-04-27 21:29:36,Neg_score,0.0
342,t3_bhr9k4,elyf2za,mathblog,/r/UIUC/comments/bhr9k4/psa_it_is_difficult_to_transfer_into_cs/elyf2za/,2019-04-27 21:33:15,Neg_score,0.048
343,t3_bi5x1j,elyfogf,cptpark,/r/UIUC/comments/bi5x1j/view_of_the_union_tonight/elyfogf/,2019-04-27 21:42:06,Neg_score,0.0
344,t3_bi0dwl,elyg0ij,icecoolsushobhan,/r/UIUC/comments/bi0dwl/congratulations_to_all_the_runners_from_todays/elyg0ij/,2019-04-27 21:47:08,Neg_score,0.15
345,t3_bi0dwl,elyg9q2,icecoolsushobhan,/r/UIUC/comments/bi0dwl/congratulations_to_all_the_runners_from_todays/elyg9q2/,2019-04-27 21:50:59,Neg_score,0.078
346,t3_bi718a,elyi88s,whyizthizzohard,/r/UIUC/comments/bi718a/computer_lab_that_is_open_all_night/elyi88s/,2019-04-27 22:20:49,Neg_score,0.0
347,t3_bi5x1j,elyiizu,IlliniGuy2,/r/UIUC/comments/bi5x1j/view_of_the_union_tonight/elyiizu/,2019-04-27 22:25:20,Neg_score,0.0
348,t3_bi718a,elyija5,uiucstressedout,/r/UIUC/comments/bi718a/computer_lab_that_is_open_all_night/elyija5/,2019-04-27 22:25:27,Neg_score,0.0
349,t3_bi718a,elyini9,mishlc,/r/UIUC/comments/bi718a/computer_lab_that_is_open_all_night/elyini9/,2019-04-27 22:27:15,Neg_score,0.0
350,t3_bi4mxe,elyit7h,ConsistentClaim,/r/UIUC/comments/bi4mxe/is_anyone_else_more_hyped_for_attack_on_titan_s3/elyit7h/,2019-04-27 22:29:40,Neg_score,0.341
351,t3_bi718a,elyj5i2,dkline39,/r/UIUC/comments/bi718a/computer_lab_that_is_open_all_night/elyj5i2/,2019-04-27 22:35:03,Neg_score,0.0
352,t3_bi718a,elyj6c5,whyizthizzohard,/r/UIUC/comments/bi718a/computer_lab_that_is_open_all_night/elyj6c5/,2019-04-27 22:35:24,Neg_score,0.0
353,t3_bi0dwl,elyjc57,MMEnter,/r/UIUC/comments/bi0dwl/congratulations_to_all_the_runners_from_todays/elyjc57/,2019-04-27 22:37:57,Neg_score,0.0
354,t3_bi718a,elyjemy,uiucstressedout,/r/UIUC/comments/bi718a/computer_lab_that_is_open_all_night/elyjemy/,2019-04-27 22:39:00,Neg_score,0.0
355,t3_bi74oa,elyjlx9,Dinothegreat86,/r/UIUC/comments/bi74oa/per_newsgazette_tomorrow_petry_retired_april_11th/elyjlx9/,2019-04-27 22:42:10,Neg_score,0.0
356,t3_bhtp8r,elyjxkv,Jhohok,/r/UIUC/comments/bhtp8r/what_makes_a_good_cbtf_exam/elyjxkv/,2019-04-27 22:47:19,Neg_score,0.073
357,t3_bhnn7n,elykcu4,ThatEconomist,/r/UIUC/comments/bhnn7n/has_anyone_seen_this_cat_lost_cat/elykcu4/,2019-04-27 22:54:08,Neg_score,0.0
358,t3_bi78ip,elykkjj,MrIllini,/r/UIUC/comments/bi78ip/some_pictures_of_campus_and_downtown_urbana_from/elykkjj/,2019-04-27 22:57:39,Neg_score,0.0
359,t3_bhx059,elykssm,dogemaster00,/r/UIUC/comments/bhx059/math_415_reax_only/elykssm/,2019-04-27 23:01:29,Neg_score,0.0
360,t3_bhx059,elykv24,rawcomedian,/r/UIUC/comments/bhx059/math_415_reax_only/elykv24/,2019-04-27 23:02:29,Neg_score,0.0
361,t3_bi5x1j,elykwl3,MaiPhet,/r/UIUC/comments/bi5x1j/view_of_the_union_tonight/elykwl3/,2019-04-27 23:03:11,Neg_score,0.0
362,t3_bi5058,elyl7ca,shronk-cwonk,/r/UIUC/comments/bi5058/trying_to_take_stat_400_with_ravat/elyl7ca/,2019-04-27 23:08:13,Neg_score,0.0
363,t3_bi78ip,elylask,MaiPhet,/r/UIUC/comments/bi78ip/some_pictures_of_campus_and_downtown_urbana_from/elylask/,2019-04-27 23:09:46,Neg_score,0.0
364,t3_bhx059,elylir4,dogemaster00,/r/UIUC/comments/bhx059/math_415_reax_only/elylir4/,2019-04-27 23:13:27,Neg_score,0.0
365,t3_bhx059,elyljsu,rawcomedian,/r/UIUC/comments/bhx059/math_415_reax_only/elyljsu/,2019-04-27 23:13:56,Neg_score,0.0
366,t3_bgjo5z,elyln4c,dogemaster00,/r/UIUC/comments/bgjo5z/have_you_ever_had_a_professor_go_on_an_angry_rant/elyln4c/,2019-04-27 23:15:24,Neg_score,0.0
367,t3_bhx059,elylqkt,dogemaster00,/r/UIUC/comments/bhx059/math_415_reax_only/elylqkt/,2019-04-27 23:17:00,Neg_score,0.0
368,t3_bggzl1,elylv9n,dogemaster00,/r/UIUC/comments/bggzl1/taking_2_3_hour_finals_on_the_same_day/elylv9n/,2019-04-27 23:19:10,Neg_score,0.434
369,t3_bi30ut,elylyz9,juscarpediem,/r/UIUC/comments/bi30ut/are_there_any_rsos_where_you_can_play_with/elylyz9/,2019-04-27 23:20:53,Neg_score,0.0
370,t3_bi30ut,elym0ed,juscarpediem,/r/UIUC/comments/bi30ut/are_there_any_rsos_where_you_can_play_with/elym0ed/,2019-04-27 23:21:34,Neg_score,0.0
371,t3_bi30ut,elym5jd,juscarpediem,/r/UIUC/comments/bi30ut/are_there_any_rsos_where_you_can_play_with/elym5jd/,2019-04-27 23:24:01,Neg_score,0.0
372,t3_bi7gj0,elymhlf,MaxIsAMess,/r/UIUC/comments/bi7gj0/free_parking_on_or_around_campus/elymhlf/,2019-04-27 23:29:48,Neg_score,0.0
373,t3_bi30ut,elymk98,notopoli,/r/UIUC/comments/bi30ut/are_there_any_rsos_where_you_can_play_with/elymk98/,2019-04-27 23:31:06,Neg_score,0.0
374,t3_b53xm4,elymkrd,juscarpediem,/r/UIUC/comments/b53xm4/fall_2019_schedule_megathread/elymkrd/,2019-04-27 23:31:20,Neg_score,0.121
375,t3_bi5x1j,elymqrl,thebavarianlegend,/r/UIUC/comments/bi5x1j/view_of_the_union_tonight/elymqrl/,2019-04-27 23:34:09,Neg_score,0.0
376,t3_bi5x1j,elymv8i,IlliniGuy2,/r/UIUC/comments/bi5x1j/view_of_the_union_tonight/elymv8i/,2019-04-27 23:36:14,Neg_score,0.0
377,t3_bi5x1j,elymzaf,LocusSpartan,/r/UIUC/comments/bi5x1j/view_of_the_union_tonight/elymzaf/,2019-04-27 23:37:54,Neg_score,0.0
378,t3_bi5x1j,elynih1,nerd_14_,/r/UIUC/comments/bi5x1j/view_of_the_union_tonight/elynih1/,2019-04-27 23:47:03,Neg_score,0.0
379,t3_bhvc5a,elynwv8,Ghost_Flash,/r/UIUC/comments/bhvc5a/tiger_has_been_found/elynwv8/,2019-04-27 23:54:16,Neg_score,0.0
380,t3_bi7eba,elyo9r7,MrIllini,/r/UIUC/comments/bi7eba/how_is_soc_uiuc/elyo9r7/,2019-04-28 00:00:57,Neg_score,0.094
381,t3_bhtp8r,elyod3m,abluedinosaur,/r/UIUC/comments/bhtp8r/what_makes_a_good_cbtf_exam/elyod3m/,2019-04-28 00:02:42,Neg_score,0.047
382,t3_bi74oa,elyoeij,MrIllini,/r/UIUC/comments/bi74oa/per_newsgazette_tomorrow_petry_retired_april_11th/elyoeij/,2019-04-28 00:03:28,Neg_score,0.032
383,t3_bi5ov5,elyoq4i,MrAcurite,/r/UIUC/comments/bi5ov5/student_id/elyoq4i/,2019-04-28 00:09:36,Neg_score,0.11800000000000001
384,t3_bhtp8r,elyou55,abluedinosaur,/r/UIUC/comments/bhtp8r/what_makes_a_good_cbtf_exam/elyou55/,2019-04-28 00:11:47,Neg_score,0.09300000000000001
385,t3_bhr9k4,elyowcv,abluedinosaur,/r/UIUC/comments/bhr9k4/psa_it_is_difficult_to_transfer_into_cs/elyowcv/,2019-04-28 00:12:58,Neg_score,0.0
386,t3_bhr9k4,elypb8v,frazerkrane,/r/UIUC/comments/bhr9k4/psa_it_is_difficult_to_transfer_into_cs/elypb8v/,2019-04-28 00:21:19,Neg_score,0.0
387,t3_bi1nri,elypbew,yellowsprinkless,/r/UIUC/comments/bi1nri/mcb_advanced_courses/elypbew/,2019-04-28 00:21:25,Neg_score,0.047
388,t3_bhz4e2,elypmla,StripelessZebra,/r/UIUC/comments/bhz4e2/summer_music_options/elypmla/,2019-04-28 00:27:41,Neg_score,0.0
389,t3_bi74oa,elyppy0,Battlefront228,/r/UIUC/comments/bi74oa/per_newsgazette_tomorrow_petry_retired_april_11th/elyppy0/,2019-04-28 00:29:35,Neg_score,0.073
390,t3_bi4mxe,elyprsz,Skorpion2425,/r/UIUC/comments/bi4mxe/is_anyone_else_more_hyped_for_attack_on_titan_s3/elyprsz/,2019-04-28 00:30:39,Neg_score,0.355
391,t3_bhgy17,elypxai,lollapaloozauiuc,/r/UIUC/comments/bhgy17/the_absurd_way_andino_is_destroying_my_gpa/elypxai/,2019-04-28 00:33:48,Neg_score,0.079
392,t3_bi7eba,elyq7m1,uiucreddithrowaway,/r/UIUC/comments/bi7eba/how_is_soc_uiuc/elyq7m1/,2019-04-28 00:39:41,Neg_score,0.2
393,t3_bi7eba,elyqmea,JonathanSKent,/r/UIUC/comments/bi7eba/how_is_soc_uiuc/elyqmea/,2019-04-28 00:48:28,Neg_score,0.043
394,t3_bi4bt2,elyqo51,JonathanSKent,/r/UIUC/comments/bi4bt2/phys_214_proficiency/elyqo51/,2019-04-28 00:49:29,Neg_score,0.0
395,t3_bi74oa,elyqz4z,Saintsfan_9,/r/UIUC/comments/bi74oa/per_newsgazette_tomorrow_petry_retired_april_11th/elyqz4z/,2019-04-28 00:56:05,Neg_score,0.08800000000000001
396,t3_bi74oa,elyr26k,Battlefront228,/r/UIUC/comments/bi74oa/per_newsgazette_tomorrow_petry_retired_april_11th/elyr26k/,2019-04-28 00:57:58,Neg_score,0.188
397,t3_bi8aew,elyro0e,rustedsaber,/r/UIUC/comments/bi8aew/are_those_monster_trucks_i_hear/elyro0e/,2019-04-28 01:11:35,Neg_score,0.257
398,t3_bi8aew,elyrpcw,ConTron44,/r/UIUC/comments/bi8aew/are_those_monster_trucks_i_hear/elyrpcw/,2019-04-28 01:12:26,Neg_score,0.151
399,t3_bi8ghz,elyt3n5,PattakaK,/r/UIUC/comments/bi8ghz/when_the_bus_starts_to_roll_away_as_youre_running/elyt3n5/,2019-04-28 01:45:17,Neg_score,0.0
400,t3_bi8aew,elytaf6,itazurakko,/r/UIUC/comments/bi8aew/are_those_monster_trucks_i_hear/elytaf6/,2019-04-28 01:49:49,Neg_score,0.0
401,t3_bi3p2l,elyul8f,lednakashim,/r/UIUC/comments/bi3p2l/just_got_accepted_to_cs_ling_as_a_transfer_any/elyul8f/,2019-04-28 02:22:25,Neg_score,0.0
402,t3_bhulo5,elyvn8l,Patahoenia,/r/UIUC/comments/bhulo5/fuck_chapagn_gaign/elyvn8l/,2019-04-28 02:49:45,Neg_score,0.444
403,t3_bi8ulz,elyw8g5,orangepuppy8,/r/UIUC/comments/bi8ulz/funny_meme_i_saw_on_twitter/elyw8g5/,2019-04-28 03:05:54,Neg_score,0.688
404,t3_bi7eba,elywcmn,Cjcager2,/r/UIUC/comments/bi7eba/how_is_soc_uiuc/elywcmn/,2019-04-28 03:09:12,Neg_score,0.0
405,t3_bi5x1j,elywtn1,Cudi420,/r/UIUC/comments/bi5x1j/view_of_the_union_tonight/elywtn1/,2019-04-28 03:22:36,Neg_score,0.127
406,t3_bi7gj0,elyww4d,qball97,/r/UIUC/comments/bi7gj0/free_parking_on_or_around_campus/elyww4d/,2019-04-28 03:24:37,Neg_score,0.0
407,t3_bi8ulz,elywymt,Rude_Duck,/r/UIUC/comments/bi8ulz/funny_meme_i_saw_on_twitter/elywymt/,2019-04-28 03:26:36,Neg_score,0.17300000000000001
408,t3_bi8yp5,elyx9mi,Battlefront228,/r/UIUC/comments/bi8yp5/upvote_if_suburban_express_should_go_suck_a_fat/elyx9mi/,2019-04-28 03:35:13,Neg_score,0.0
409,t3_bhti2h,elyy5pn,jsmosby,/r/UIUC/comments/bhti2h/christensens_lawyers_say_hes_abandoning/elyy5pn/,2019-04-28 04:01:24,Neg_score,0.115
410,t3_bi0dwl,elyz55g,supreme-dominar,/r/UIUC/comments/bi0dwl/congratulations_to_all_the_runners_from_todays/elyz55g/,2019-04-28 04:30:35,Neg_score,0.0
411,t3_bhwb0p,elyznkh,UIUCFreshSoph,/r/UIUC/comments/bhwb0p/selling_iclicker2/elyznkh/,2019-04-28 04:45:47,Neg_score,0.0
412,t3_bhwgyz,elz1qh2,ra3xgambit,/r/UIUC/comments/bhwgyz/iclicker_for_sale_40_obo/elz1qh2/,2019-04-28 05:45:11,Neg_score,0.0
413,t3_bi9t9q,elz39yn,ra3xgambit,/r/UIUC/comments/bi9t9q/hablantes_de_herencia_de_uiuc/elz39yn/,2019-04-28 06:25:29,Neg_score,0.0
414,t3_bi9t9q,elz3uia,LeoDGTV,/r/UIUC/comments/bi9t9q/hablantes_de_herencia_de_uiuc/elz3uia/,2019-04-28 06:38:57,Neg_score,0.0
415,t3_bi74oa,elz52lo,AlmostGrad100,/r/UIUC/comments/bi74oa/per_newsgazette_tomorrow_petry_retired_april_11th/elz52lo/,2019-04-28 07:05:36,Neg_score,0.0
416,t3_bi0dwl,elz58ye,AlmostGrad100,/r/UIUC/comments/bi0dwl/congratulations_to_all_the_runners_from_todays/elz58ye/,2019-04-28 07:09:23,Neg_score,0.253
417,t3_bi8aew,elz7e1s,android_throw_fun,/r/UIUC/comments/bi8aew/are_those_monster_trucks_i_hear/elz7e1s/,2019-04-28 07:46:28,Neg_score,0.0
418,t3_bianyq,elz7xc4,JohnBambenek,/r/UIUC/comments/bianyq/emails_professor_petrys_absence_created_stir_at_ui/elz7xc4/,2019-04-28 07:54:40,Neg_score,0.064
419,t3_bi8ghz,elz81a3,AlmostGrad100,/r/UIUC/comments/bi8ghz/when_the_bus_starts_to_roll_away_as_youre_running/elz81a3/,2019-04-28 07:56:13,Neg_score,0.0
420,t3_bi74oa,elzam1e,Ruriks-Keep,/r/UIUC/comments/bi74oa/per_newsgazette_tomorrow_petry_retired_april_11th/elzam1e/,2019-04-28 08:34:22,Neg_score,0.0
421,t3_bianyq,elzb01j,imtherealistonhere,/r/UIUC/comments/bianyq/emails_professor_petrys_absence_created_stir_at_ui/elzb01j/,2019-04-28 08:39:57,Neg_score,0.43700000000000006
422,t3_bi9t9q,elzc7gh,ObeseJayCutler,/r/UIUC/comments/bi9t9q/hablantes_de_herencia_de_uiuc/elzc7gh/,2019-04-28 08:56:27,Neg_score,0.0
423,t3_bi9t9q,elzca04,LeoDGTV,/r/UIUC/comments/bi9t9q/hablantes_de_herencia_de_uiuc/elzca04/,2019-04-28 08:57:23,Neg_score,0.0
424,t3_bi74oa,elzcbi1,JohnBambenek,/r/UIUC/comments/bi74oa/per_newsgazette_tomorrow_petry_retired_april_11th/elzcbi1/,2019-04-28 08:57:56,Neg_score,0.28600000000000003
425,t3_bi9t9q,elzcepa,SciFiShroom,/r/UIUC/comments/bi9t9q/hablantes_de_herencia_de_uiuc/elzcepa/,2019-04-28 08:59:08,Neg_score,0.0
426,t3_bi9t9q,elzcx09,LeoDGTV,/r/UIUC/comments/bi9t9q/hablantes_de_herencia_de_uiuc/elzcx09/,2019-04-28 09:06:07,Neg_score,0.0
427,t3_bi4bt2,elzdrbh,Linkinvers,/r/UIUC/comments/bi4bt2/phys_214_proficiency/elzdrbh/,2019-04-28 09:17:24,Neg_score,0.0
428,t3_bi6chz,elzdxxu,Clers,/r/UIUC/comments/bi6chz/201_s_wright_st_jsm/elzdxxu/,2019-04-28 09:19:40,Neg_score,0.0
429,t3_bi3m2q,elzepqj,brownsatin,/r/UIUC/comments/bi3m2q/congrats_to_illini_c_nick_allegretti_drafted_by/elzepqj/,2019-04-28 09:29:08,Neg_score,0.0
430,t3_bi0dwl,elzeqve,Floss-Boss,/r/UIUC/comments/bi0dwl/congratulations_to_all_the_runners_from_todays/elzeqve/,2019-04-28 09:29:31,Neg_score,0.0
431,t3_bi4bt2,elzf8ve,Goavengers,/r/UIUC/comments/bi4bt2/phys_214_proficiency/elzf8ve/,2019-04-28 09:35:37,Neg_score,0.0
432,t3_bi4bt2,elzfdwh,Goavengers,/r/UIUC/comments/bi4bt2/phys_214_proficiency/elzfdwh/,2019-04-28 09:37:18,Neg_score,0.0
433,t3_bbg99h,elzfqz3,whiteowl725,/r/UIUC/comments/bbg99h/answered_where_is_petry/elzfqz3/,2019-04-28 09:41:53,Neg_score,0.121
434,t3_bi8aew,elzfu57,ConTron44,/r/UIUC/comments/bi8aew/are_those_monster_trucks_i_hear/elzfu57/,2019-04-28 09:42:59,Neg_score,0.0
435,t3_biazp2,elzgxc7,UnclePutin,/r/UIUC/comments/biazp2/for_many_in_champaign_county_one_fulltime_job/elzgxc7/,2019-04-28 09:56:31,Neg_score,0.128
436,t3_bi4bt2,elzis6o,Linkinvers,/r/UIUC/comments/bi4bt2/phys_214_proficiency/elzis6o/,2019-04-28 10:19:07,Neg_score,0.0
437,t3_biazp2,elzj7ts,AlmostGrad100,/r/UIUC/comments/biazp2/for_many_in_champaign_county_one_fulltime_job/elzj7ts/,2019-04-28 10:24:28,Neg_score,0.303
438,t3_biazp2,elzkfuc,IlliniGuy2,/r/UIUC/comments/biazp2/for_many_in_champaign_county_one_fulltime_job/elzkfuc/,2019-04-28 10:39:14,Neg_score,0.0
439,t3_ann2nk,elzkxgh,innerpartysystem1234,/r/UIUC/comments/ann2nk/how_to_join_illinois_consulting_academy/elzkxgh/,2019-04-28 10:45:04,Neg_score,0.0
440,t3_biazp2,elzlkb8,AlmostGrad100,/r/UIUC/comments/biazp2/for_many_in_champaign_county_one_fulltime_job/elzlkb8/,2019-04-28 10:52:50,Neg_score,0.163
441,t3_biazp2,elzmi96,IlliniGuy2,/r/UIUC/comments/biazp2/for_many_in_champaign_county_one_fulltime_job/elzmi96/,2019-04-28 11:03:46,Neg_score,0.0
442,t3_bi30ut,elzn1lx,actual-trash,/r/UIUC/comments/bi30ut/are_there_any_rsos_where_you_can_play_with/elzn1lx/,2019-04-28 11:09:55,Neg_score,0.004
443,t3_biazp2,elznfxf,UnclePutin,/r/UIUC/comments/biazp2/for_many_in_champaign_county_one_fulltime_job/elznfxf/,2019-04-28 11:14:20,Neg_score,0.254
444,t3_bicrqp,elznkkh,Styleboym,/r/UIUC/comments/bicrqp/just_curiousspring_jam/elznkkh/,2019-04-28 11:15:40,Neg_score,0.0
445,t3_bi9t9q,elznxb7,Publicfalsher,/r/UIUC/comments/bi9t9q/hablantes_de_herencia_de_uiuc/elznxb7/,2019-04-28 11:19:35,Neg_score,0.0
446,t3_bicm39,elzo1cx,gamera72,/r/UIUC/comments/bicm39/why_is_it_called_joes_brewery_if_it_doesnt_brew/elzo1cx/,2019-04-28 11:20:48,Neg_score,0.034
447,t3_bhdw8j,elzp1d9,ktnli,/r/UIUC/comments/bhdw8j/where_do_u_buy_cute_umbrellas/elzp1d9/,2019-04-28 11:32:13,Neg_score,0.0
448,t3_bicm39,elzpez8,blake1120,/r/UIUC/comments/bicm39/why_is_it_called_joes_brewery_if_it_doesnt_brew/elzpez8/,2019-04-28 11:36:35,Neg_score,0.0
449,t3_bi7gj0,elzpl4e,DrFredNES,/r/UIUC/comments/bi7gj0/free_parking_on_or_around_campus/elzpl4e/,2019-04-28 11:38:33,Neg_score,0.083
450,t3_bi8yp5,elzpsfv,eadala,/r/UIUC/comments/bi8yp5/upvote_if_suburban_express_should_go_suck_a_fat/elzpsfv/,2019-04-28 11:40:55,Neg_score,0.0
451,t3_bib6tf,elzpx4m,theillini19,/r/UIUC/comments/bib6tf/people_trying_to_transfer_into_cs/elzpx4m/,2019-04-28 11:42:26,Neg_score,0.0
452,t3_bi3m2q,elzpz0i,638294,/r/UIUC/comments/bi3m2q/congrats_to_illini_c_nick_allegretti_drafted_by/elzpz0i/,2019-04-28 11:43:03,Neg_score,0.096
453,t3_bicvmz,elzqkqu,gamera72,/r/UIUC/comments/bicvmz/job_market_in_the_culinary_industry/elzqkqu/,2019-04-28 11:50:21,Neg_score,0.016
454,t3_bicvmz,elzr6vw,RoyalBlueMoose,/r/UIUC/comments/bicvmz/job_market_in_the_culinary_industry/elzr6vw/,2019-04-28 11:57:50,Neg_score,0.0
455,t3_bi7eba,elzrcea,Richie77727,/r/UIUC/comments/bi7eba/how_is_soc_uiuc/elzrcea/,2019-04-28 11:59:37,Neg_score,0.071
456,t3_bhr9k4,elztf4j,jeffgerickson,/r/UIUC/comments/bhr9k4/psa_it_is_difficult_to_transfer_into_cs/elztf4j/,2019-04-28 12:23:29,Neg_score,0.0
457,t3_biazp2,elzu5k7,Beake,/r/UIUC/comments/biazp2/for_many_in_champaign_county_one_fulltime_job/elzu5k7/,2019-04-28 12:31:40,Neg_score,0.247
458,t3_biazp2,elzucjc,Beake,/r/UIUC/comments/biazp2/for_many_in_champaign_county_one_fulltime_job/elzucjc/,2019-04-28 12:33:53,Neg_score,0.0
459,t3_bib6tf,elzul5n,bisbyx,/r/UIUC/comments/bib6tf/people_trying_to_transfer_into_cs/elzul5n/,2019-04-28 12:36:38,Neg_score,0.0
460,t3_bhv343,elxa3jo,shuxue,/r/UIUC/comments/bhv343/will_i_regret_bringing_a_bike_to_campus/elxa3jo/,2019-04-27 12:38:14,Neutral_score,0.924
461,t3_bhtga3,elxa6m2,kappast,/r/UIUC/comments/bhtga3/i_found_the_person_that_has_been_throwing_brick/elxa6m2/,2019-04-27 12:39:18,Neutral_score,0.72
462,t3_b53xm4,elxam0e,luke-duke-95,/r/UIUC/comments/b53xm4/fall_2019_schedule_megathread/elxam0e/,2019-04-27 12:44:43,Neutral_score,0.865
463,t3_bhnz2c,elxb5gc,Evilcow867,/r/UIUC/comments/bhnz2c/spanish_3_course/elxb5gc/,2019-04-27 12:51:33,Neutral_score,0.7829999999999999
464,t3_bhz4e2,elxbdhv,glaba314,/r/UIUC/comments/bhz4e2/summer_music_options/elxbdhv/,2019-04-27 12:54:22,Neutral_score,0.556
465,t3_bhulo5,elxbmhd,chemgod44,/r/UIUC/comments/bhulo5/fuck_chapagn_gaign/elxbmhd/,2019-04-27 12:57:30,Neutral_score,0.826
466,t3_bi1nri,elxbzzd,Cerasii,/r/UIUC/comments/bi1nri/mcb_advanced_courses/elxbzzd/,2019-04-27 13:02:09,Neutral_score,1.0
467,t3_bi1nri,elxc13d,chemgod44,/r/UIUC/comments/bi1nri/mcb_advanced_courses/elxc13d/,2019-04-27 13:02:32,Neutral_score,0.264
468,t3_bhz4e2,elxc5so,greentreefrog8,/r/UIUC/comments/bhz4e2/summer_music_options/elxc5so/,2019-04-27 13:04:10,Neutral_score,1.0
469,t3_bhbvb9,elxccm2,LetsGoCubbies,/r/UIUC/comments/bhbvb9/champaign_gangs_be_like/elxccm2/,2019-04-27 13:06:29,Neutral_score,0.902
470,t3_bhz4e2,elxcg20,glaba314,/r/UIUC/comments/bhz4e2/summer_music_options/elxcg20/,2019-04-27 13:07:40,Neutral_score,0.833
471,t3_bi0dwl,elxd2uu,Mcpaddyquack,/r/UIUC/comments/bi0dwl/congratulations_to_all_the_runners_from_todays/elxd2uu/,2019-04-27 13:15:44,Neutral_score,0.604
472,t3_bhtozv,elxe5tc,illinifan2222,/r/UIUC/comments/bhtozv/unpopular_opinion_fuck_the_illinois_marathon/elxe5tc/,2019-04-27 13:29:16,Neutral_score,0.642
473,t3_bhv5gp,elxf07k,ra3xgambit,/r/UIUC/comments/bhv5gp/how_are_you_guys_planning_to_pregame_the_lil/elxf07k/,2019-04-27 13:40:01,Neutral_score,0.47100000000000003
474,t3_bhv5gp,elxfggy,SUN-BAT-HER,/r/UIUC/comments/bhv5gp/how_are_you_guys_planning_to_pregame_the_lil/elxfggy/,2019-04-27 13:45:41,Neutral_score,0.637
475,t3_bi08wk,elxfleg,odpsue,/r/UIUC/comments/bi08wk/1000_sublease_for_3_months_utilities_included/elxfleg/,2019-04-27 13:47:27,Neutral_score,0.8809999999999999
476,t3_bhv5gp,elxfvtj,lurkerboi132,/r/UIUC/comments/bhv5gp/how_are_you_guys_planning_to_pregame_the_lil/elxfvtj/,2019-04-27 13:51:11,Neutral_score,0.66
477,t3_bi1uzr,elxfw8w,grape_juice11,/r/UIUC/comments/bi1uzr/found_this_in_my_closet_the_day_i_moved_in_my/elxfw8w/,2019-04-27 13:51:21,Neutral_score,0.47600000000000003
478,t3_bb0kwk,elxfxvy,justlookingtobuyassc,/r/UIUC/comments/bb0kwk/uiuc_double_majordual_major_or_idk_questions/elxfxvy/,2019-04-27 13:51:58,Neutral_score,0.723
479,t3_bi1uzr,elxg2x1,theillini19,/r/UIUC/comments/bi1uzr/found_this_in_my_closet_the_day_i_moved_in_my/elxg2x1/,2019-04-27 13:53:46,Neutral_score,1.0
480,t3_bhulo5,elxg3yz,JustAFratBoy,/r/UIUC/comments/bhulo5/fuck_chapagn_gaign/elxg3yz/,2019-04-27 13:54:08,Neutral_score,0.545
481,t3_bhv2gv,elxg8g0,mashsm,/r/UIUC/comments/bhv2gv/petry_to_retire_ui_professor_under_investigation/elxg8g0/,2019-04-27 13:55:40,Neutral_score,0.879
482,t3_bhv5gp,elxgj2j,SUN-BAT-HER,/r/UIUC/comments/bhv5gp/how_are_you_guys_planning_to_pregame_the_lil/elxgj2j/,2019-04-27 13:59:24,Neutral_score,0.385
483,t3_bhv5gp,elxgjr8,SUN-BAT-HER,/r/UIUC/comments/bhv5gp/how_are_you_guys_planning_to_pregame_the_lil/elxgjr8/,2019-04-27 13:59:38,Neutral_score,1.0
484,t3_bi0dwl,elxhllf,DreadPirateRoberts98,/r/UIUC/comments/bi0dwl/congratulations_to_all_the_runners_from_todays/elxhllf/,2019-04-27 14:12:43,Neutral_score,0.48200000000000004
485,t3_befuxq,elxhs9s,shedeeed,/r/UIUC/comments/befuxq/introducing_a_new_textsheetlitanswers_alternative/elxhs9s/,2019-04-27 14:15:05,Neutral_score,0.7140000000000001
486,t3_bi08wk,elxhv9c,TypicalChallenge,/r/UIUC/comments/bi08wk/1000_sublease_for_3_months_utilities_included/elxhv9c/,2019-04-27 14:16:10,Neutral_score,0.695
487,t3_bhv5gp,elxi3ws,ra3xgambit,/r/UIUC/comments/bhv5gp/how_are_you_guys_planning_to_pregame_the_lil/elxi3ws/,2019-04-27 14:19:12,Neutral_score,0.7140000000000001
488,t3_bi2dua,elxi9ki,theillini19,/r/UIUC/comments/bi2dua/shower_thought_if_someone_on_reddit_says_theyre/elxi9ki/,2019-04-27 14:21:04,Neutral_score,0.606
489,t3_bhq0a1,elxiao4,goldeneag,/r/UIUC/comments/bhq0a1/college_of_mediarso_collaborating_with_other/elxiao4/,2019-04-27 14:21:26,Neutral_score,0.8240000000000001
490,t3_bi0dwl,elxk5md,icecoolsushobhan,/r/UIUC/comments/bi0dwl/congratulations_to_all_the_runners_from_todays/elxk5md/,2019-04-27 14:44:32,Neutral_score,0.5479999999999999
491,t3_bhx79d,elxkizi,The-Wise-Banana,/r/UIUC/comments/bhx79d/eng_mechanics_students_what_secondary_field_did/elxkizi/,2019-04-27 14:49:12,Neutral_score,0.836
492,t3_bhv5gp,elxlnl7,jimgilmore2016,/r/UIUC/comments/bhv5gp/how_are_you_guys_planning_to_pregame_the_lil/elxlnl7/,2019-04-27 15:03:14,Neutral_score,0.39799999999999996
493,t3_bhq7yq,elxmgjo,starry_2019,/r/UIUC/comments/bhq7yq/uiuc_students_findvisualize_the_shortest_path_to/elxmgjo/,2019-04-27 15:13:12,Neutral_score,1.0
494,t3_bhtga3,elxmsdx,lurkerboi132,/r/UIUC/comments/bhtga3/i_found_the_person_that_has_been_throwing_brick/elxmsdx/,2019-04-27 15:17:21,Neutral_score,0.682
495,t3_bi0dwl,elxna2u,Motorvision,/r/UIUC/comments/bi0dwl/congratulations_to_all_the_runners_from_todays/elxna2u/,2019-04-27 15:23:44,Neutral_score,1.0
496,t3_bi1uzr,elxne87,blake1120,/r/UIUC/comments/bi1uzr/found_this_in_my_closet_the_day_i_moved_in_my/elxne87/,2019-04-27 15:25:13,Neutral_score,1.0
497,t3_bi1uzr,elxo1s8,JustAFratBoy,/r/UIUC/comments/bi1uzr/found_this_in_my_closet_the_day_i_moved_in_my/elxo1s8/,2019-04-27 15:33:36,Neutral_score,0.8
498,t3_bhv5gp,elxoech,spond550,/r/UIUC/comments/bhv5gp/how_are_you_guys_planning_to_pregame_the_lil/elxoech/,2019-04-27 15:37:57,Neutral_score,0.711
499,t3_bi3bmf,elxolaf,MrIllini,/r/UIUC/comments/bi3bmf/prospective_transfer_student_from_ca_cc_here_how/elxolaf/,2019-04-27 15:40:20,Neutral_score,0.836
500,t3_bi34v0,elxomce,MrIllini,/r/UIUC/comments/bi34v0/rhet_233_project_survey/elxomce/,2019-04-27 15:40:43,Neutral_score,0.0
501,t3_bhv2gv,elxoq7a,skitzzxo,/r/UIUC/comments/bhv2gv/petry_to_retire_ui_professor_under_investigation/elxoq7a/,2019-04-27 15:42:03,Neutral_score,1.0
502,t3_bhv2gv,elxos9k,skitzzxo,/r/UIUC/comments/bhv2gv/petry_to_retire_ui_professor_under_investigation/elxos9k/,2019-04-27 15:42:46,Neutral_score,1.0
503,t3_bhv2gv,elxowg0,skitzzxo,/r/UIUC/comments/bhv2gv/petry_to_retire_ui_professor_under_investigation/elxowg0/,2019-04-27 15:44:15,Neutral_score,0.789
504,t3_bi30ut,elxp5pe,notopoli,/r/UIUC/comments/bi30ut/are_there_any_rsos_where_you_can_play_with/elxp5pe/,2019-04-27 15:47:32,Neutral_score,1.0
505,t3_bi3bmf,elxphzk,Inkwriter2,/r/UIUC/comments/bi3bmf/prospective_transfer_student_from_ca_cc_here_how/elxphzk/,2019-04-27 15:51:55,Neutral_score,0.743
506,t3_bi1uzr,elxpoqm,quickreleasefob,/r/UIUC/comments/bi1uzr/found_this_in_my_closet_the_day_i_moved_in_my/elxpoqm/,2019-04-27 15:54:11,Neutral_score,1.0
507,t3_bhtozv,elxq0c2,anarchonobody,/r/UIUC/comments/bhtozv/unpopular_opinion_fuck_the_illinois_marathon/elxq0c2/,2019-04-27 15:58:09,Neutral_score,0.642
508,t3_bhtozv,elxq9ud,anarchonobody,/r/UIUC/comments/bhtozv/unpopular_opinion_fuck_the_illinois_marathon/elxq9ud/,2019-04-27 16:01:27,Neutral_score,0.9159999999999999
509,t3_bhtozv,elxqi4u,dogemaster00,/r/UIUC/comments/bhtozv/unpopular_opinion_fuck_the_illinois_marathon/elxqi4u/,2019-04-27 16:04:17,Neutral_score,0.7190000000000001
510,t3_bi3bmf,elxqkx1,cartesiancausain,/r/UIUC/comments/bi3bmf/prospective_transfer_student_from_ca_cc_here_how/elxqkx1/,2019-04-27 16:05:13,Neutral_score,0.8
511,t3_bfr1ps,elxqplz,Ace1207,/r/UIUC/comments/bfr1ps/does_anyone_know_when_waitlist_decisions_are/elxqplz/,2019-04-27 16:06:50,Neutral_score,0.878
512,t3_bi3p2l,elxrkwf,[deleted],/r/UIUC/comments/bi3p2l/just_got_accepted_to_cs_ling_as_a_transfer_any/elxrkwf/,2019-04-27 16:17:40,Neutral_score,1.0
513,t3_bi1uzr,elxrl0o,Viklove,/r/UIUC/comments/bi1uzr/found_this_in_my_closet_the_day_i_moved_in_my/elxrl0o/,2019-04-27 16:17:42,Neutral_score,0.0
514,t3_bhv0pu,elxrmye,businessasusual0235,/r/UIUC/comments/bhv0pu/ui_professor_under_investigation_says_hell_leave/elxrmye/,2019-04-27 16:18:23,Neutral_score,0.8240000000000001
515,t3_bhv2gv,elxs2yu,AlmostGrad100,/r/UIUC/comments/bhv2gv/petry_to_retire_ui_professor_under_investigation/elxs2yu/,2019-04-27 16:23:58,Neutral_score,0.777
516,t3_bi0dwl,elxs9nr,gusofk,/r/UIUC/comments/bi0dwl/congratulations_to_all_the_runners_from_todays/elxs9nr/,2019-04-27 16:26:14,Neutral_score,0.381
517,t3_bhv2gv,elxshrq,A_For_Anarchy,/r/UIUC/comments/bhv2gv/petry_to_retire_ui_professor_under_investigation/elxshrq/,2019-04-27 16:28:55,Neutral_score,0.546
518,t3_bhap38,elxsn93,A_For_Anarchy,/r/UIUC/comments/bhap38/university_listing_joe_petrys_job/elxsn93/,2019-04-27 16:30:48,Neutral_score,0.696
519,t3_bhv5gp,elxt5od,ra3xgambit,/r/UIUC/comments/bhv5gp/how_are_you_guys_planning_to_pregame_the_lil/elxt5od/,2019-04-27 16:37:10,Neutral_score,0.782
520,t3_bi0dwl,elxte45,icecoolsushobhan,/r/UIUC/comments/bi0dwl/congratulations_to_all_the_runners_from_todays/elxte45/,2019-04-27 16:40:07,Neutral_score,0.727
521,t3_bf7xx2,elxtksh,sfauycskyou,/r/UIUC/comments/bf7xx2/does_anyone_know_of_any_reasonably_priced_hotels/elxtksh/,2019-04-27 16:42:28,Neutral_score,0.6409999999999999
522,t3_bhv2gv,elxtyhx,AlmostGrad100,/r/UIUC/comments/bhv2gv/petry_to_retire_ui_professor_under_investigation/elxtyhx/,2019-04-27 16:47:21,Neutral_score,0.943
523,t3_bi3p2l,elxuha4,Sleepylinguist,/r/UIUC/comments/bi3p2l/just_got_accepted_to_cs_ling_as_a_transfer_any/elxuha4/,2019-04-27 16:54:07,Neutral_score,0.708
524,t3_bi08wk,elxv99l,lollapaloozauiuc,/r/UIUC/comments/bi08wk/1000_sublease_for_3_months_utilities_included/elxv99l/,2019-04-27 17:03:58,Neutral_score,0.6409999999999999
525,t3_bh5hqd,elxvfcw,lollapaloozauiuc,/r/UIUC/comments/bh5hqd/to_all_of_you_that_are_choosing_classes_for_the/elxvfcw/,2019-04-27 17:06:00,Neutral_score,1.0
526,t3_bhwgyz,elxvfwo,yo_yo_homieg,/r/UIUC/comments/bhwgyz/iclicker_for_sale_40_obo/elxvfwo/,2019-04-27 17:06:12,Neutral_score,0.741
527,t3_bi1c0d,elxw3ii,IlliniGuy2,/r/UIUC/comments/bi1c0d/summer_2019_sublet_3br_2_bath/elxw3ii/,2019-04-27 17:14:25,Neutral_score,0.79
528,t3_bhtozv,elxwlmp,anarchonobody,/r/UIUC/comments/bhtozv/unpopular_opinion_fuck_the_illinois_marathon/elxwlmp/,2019-04-27 17:20:43,Neutral_score,0.769
529,t3_bi3p2l,elxwoaf,freshofftheboaty,/r/UIUC/comments/bi3p2l/just_got_accepted_to_cs_ling_as_a_transfer_any/elxwoaf/,2019-04-27 17:21:36,Neutral_score,1.0
530,t3_bbi94j,elxxahe,battlefront1387,/r/UIUC/comments/bbi94j/best_thing_ive_heard_on_campus_as_an_mcb_major/elxxahe/,2019-04-27 17:29:08,Neutral_score,0.5670000000000001
531,t3_bi30ut,elxxb9e,actual-trash,/r/UIUC/comments/bi30ut/are_there_any_rsos_where_you_can_play_with/elxxb9e/,2019-04-27 17:29:25,Neutral_score,0.7240000000000001
532,t3_bhv343,elxxg3z,MrIllini,/r/UIUC/comments/bhv343/will_i_regret_bringing_a_bike_to_campus/elxxg3z/,2019-04-27 17:31:10,Neutral_score,0.626
533,t3_bi0dwl,elxyht1,saladforkmcgee,/r/UIUC/comments/bi0dwl/congratulations_to_all_the_runners_from_todays/elxyht1/,2019-04-27 17:44:20,Neutral_score,1.0
534,t3_bi0dwl,elxyii0,saladforkmcgee,/r/UIUC/comments/bi0dwl/congratulations_to_all_the_runners_from_todays/elxyii0/,2019-04-27 17:44:35,Neutral_score,1.0
535,t3_bhtozv,elxyq5h,dogemaster00,/r/UIUC/comments/bhtozv/unpopular_opinion_fuck_the_illinois_marathon/elxyq5h/,2019-04-27 17:47:20,Neutral_score,0.0
536,t3_bhz9bw,elxyyyg,flingleforp,/r/UIUC/comments/bhz9bw/is_there_someone_screaming_near_lion_the_past_hour/elxyyyg/,2019-04-27 17:50:32,Neutral_score,0.75
537,t3_bi4mxe,elxz047,4511Seg,/r/UIUC/comments/bi4mxe/is_anyone_else_more_hyped_for_attack_on_titan_s3/elxz047/,2019-04-27 17:50:57,Neutral_score,0.0
538,t3_bhtp8r,elxz3lp,paulrulez742,/r/UIUC/comments/bhtp8r/what_makes_a_good_cbtf_exam/elxz3lp/,2019-04-27 17:52:13,Neutral_score,0.8109999999999999
539,t3_bi4mxe,elxz7em,krogreddit,/r/UIUC/comments/bi4mxe/is_anyone_else_more_hyped_for_attack_on_titan_s3/elxz7em/,2019-04-27 17:53:35,Neutral_score,0.565
540,t3_b53xm4,elxzol4,paulrulez742,/r/UIUC/comments/b53xm4/fall_2019_schedule_megathread/elxzol4/,2019-04-27 17:59:26,Neutral_score,0.76
541,t3_b53xm4,elxzs2l,paulrulez742,/r/UIUC/comments/b53xm4/fall_2019_schedule_megathread/elxzs2l/,2019-04-27 18:00:41,Neutral_score,0.8370000000000001
542,t3_bhvc5a,elxzy2z,HeddaHopper,/r/UIUC/comments/bhvc5a/tiger_has_been_found/elxzy2z/,2019-04-27 18:02:51,Neutral_score,0.773
543,t3_bi0dwl,ely00uh,JLou98,/r/UIUC/comments/bi0dwl/congratulations_to_all_the_runners_from_todays/ely00uh/,2019-04-27 18:03:52,Neutral_score,0.865
544,t3_bi0dwl,ely044f,icecoolsushobhan,/r/UIUC/comments/bi0dwl/congratulations_to_all_the_runners_from_todays/ely044f/,2019-04-27 18:05:03,Neutral_score,0.445
545,t3_bfr1ps,ely0htr,howardv11,/r/UIUC/comments/bfr1ps/does_anyone_know_when_waitlist_decisions_are/ely0htr/,2019-04-27 18:09:59,Neutral_score,0.49200000000000005
546,t3_bhwgyz,ely11ry,UIUCFreshSoph,/r/UIUC/comments/bhwgyz/iclicker_for_sale_40_obo/ely11ry/,2019-04-27 18:17:08,Neutral_score,0.642
547,t3_bhwgyz,ely139k,UIUCFreshSoph,/r/UIUC/comments/bhwgyz/iclicker_for_sale_40_obo/ely139k/,2019-04-27 18:17:40,Neutral_score,0.889
548,t3_bhwgyz,ely1osl,iClickerSales,/r/UIUC/comments/bhwgyz/iclicker_for_sale_40_obo/ely1osl/,2019-04-27 18:25:16,Neutral_score,1.0
549,t3_b53xm4,ely2hma,kyomun,/r/UIUC/comments/b53xm4/fall_2019_schedule_megathread/ely2hma/,2019-04-27 18:35:43,Neutral_score,1.0
550,t3_bhwgyz,ely2hxh,Tautline,/r/UIUC/comments/bhwgyz/iclicker_for_sale_40_obo/ely2hxh/,2019-04-27 18:35:50,Neutral_score,0.7140000000000001
551,t3_b8w5a3,ely2jqg,s0ggyn00dl3,/r/UIUC/comments/b8w5a3/nugent_hall_llc/ely2jqg/,2019-04-27 18:36:29,Neutral_score,0.821
552,t3_bhv2gv,ely2kt1,Dinothegreat86,/r/UIUC/comments/bhv2gv/petry_to_retire_ui_professor_under_investigation/ely2kt1/,2019-04-27 18:36:52,Neutral_score,0.765
553,t3_bhwgyz,ely2l8g,iClickerSales,/r/UIUC/comments/bhwgyz/iclicker_for_sale_40_obo/ely2l8g/,2019-04-27 18:37:02,Neutral_score,1.0
554,t3_bi0dwl,ely33n0,rob_s_458,/r/UIUC/comments/bi0dwl/congratulations_to_all_the_runners_from_todays/ely33n0/,2019-04-27 18:43:44,Neutral_score,0.89
555,t3_bi0dwl,ely3a0o,icecoolsushobhan,/r/UIUC/comments/bi0dwl/congratulations_to_all_the_runners_from_todays/ely3a0o/,2019-04-27 18:45:59,Neutral_score,1.0
556,t3_bi0dwl,ely3ggn,rob_s_458,/r/UIUC/comments/bi0dwl/congratulations_to_all_the_runners_from_todays/ely3ggn/,2019-04-27 18:48:17,Neutral_score,0.828
557,t3_bi3m2q,ely46vl,truebluebarista,/r/UIUC/comments/bi3m2q/congrats_to_illini_c_nick_allegretti_drafted_by/ely46vl/,2019-04-27 18:57:29,Neutral_score,0.484
558,t3_bhv2gv,ely4ogm,mashsm,/r/UIUC/comments/bhv2gv/petry_to_retire_ui_professor_under_investigation/ely4ogm/,2019-04-27 19:04:17,Neutral_score,0.7559999999999999
559,t3_bi4mxe,ely5idv,flingleforp,/r/UIUC/comments/bi4mxe/is_anyone_else_more_hyped_for_attack_on_titan_s3/ely5idv/,2019-04-27 19:15:56,Neutral_score,0.408
560,t3_bi4mxe,ely5s5m,chimpfunkz,/r/UIUC/comments/bi4mxe/is_anyone_else_more_hyped_for_attack_on_titan_s3/ely5s5m/,2019-04-27 19:19:43,Neutral_score,0.735
561,t3_b8w5a3,ely719y,bookishweirdo,/r/UIUC/comments/b8w5a3/nugent_hall_llc/ely719y/,2019-04-27 19:37:08,Neutral_score,1.0
562,t3_bi3p2l,ely7wuz,th1sguyaga1n,/r/UIUC/comments/bi3p2l/just_got_accepted_to_cs_ling_as_a_transfer_any/ely7wuz/,2019-04-27 19:49:31,Neutral_score,0.8079999999999999
563,t3_bi5ov5,ely877x,Battlefront228,/r/UIUC/comments/bi5ov5/student_id/ely877x/,2019-04-27 19:53:39,Neutral_score,0.804
564,t3_bi3p2l,ely8gt4,Inkwriter2,/r/UIUC/comments/bi3p2l/just_got_accepted_to_cs_ling_as_a_transfer_any/ely8gt4/,2019-04-27 19:57:24,Neutral_score,0.6709999999999999
565,t3_bi5ov5,ely926t,mishlc,/r/UIUC/comments/bi5ov5/student_id/ely926t/,2019-04-27 20:06:02,Neutral_score,1.0
566,t3_bi4vpy,elyad2h,absoluteunimpressed,/r/UIUC/comments/bi4vpy/looking_for_summer_sublease/elyad2h/,2019-04-27 20:24:39,Neutral_score,1.0
567,t3_bi53j5,elyak1o,lollapaloozauiuc,/r/UIUC/comments/bi53j5/senior_schedule_for_fall_2019/elyak1o/,2019-04-27 20:27:25,Neutral_score,0.868
568,t3_bhz4e2,elydbuz,greentreefrog8,/r/UIUC/comments/bhz4e2/summer_music_options/elydbuz/,2019-04-27 21:07:38,Neutral_score,0.247
569,t3_bi0dwl,elydyw0,AlmostGrad100,/r/UIUC/comments/bi0dwl/congratulations_to_all_the_runners_from_todays/elydyw0/,2019-04-27 21:16:44,Neutral_score,0.721
570,t3_bi6chz,elyedl5,Clers,/r/UIUC/comments/bi6chz/201_s_wright_st_jsm/elyedl5/,2019-04-27 21:22:44,Neutral_score,0.873
571,t3_bi6chz,elyetuz,gilaisland,/r/UIUC/comments/bi6chz/201_s_wright_st_jsm/elyetuz/,2019-04-27 21:29:36,Neutral_score,0.7809999999999999
572,t3_bhr9k4,elyf2za,mathblog,/r/UIUC/comments/bhr9k4/psa_it_is_difficult_to_transfer_into_cs/elyf2za/,2019-04-27 21:33:15,Neutral_score,0.809
573,t3_bi5x1j,elyfogf,cptpark,/r/UIUC/comments/bi5x1j/view_of_the_union_tonight/elyfogf/,2019-04-27 21:42:06,Neutral_score,0.545
574,t3_bi0dwl,elyg0ij,icecoolsushobhan,/r/UIUC/comments/bi0dwl/congratulations_to_all_the_runners_from_todays/elyg0ij/,2019-04-27 21:47:08,Neutral_score,0.7609999999999999
575,t3_bi0dwl,elyg9q2,icecoolsushobhan,/r/UIUC/comments/bi0dwl/congratulations_to_all_the_runners_from_todays/elyg9q2/,2019-04-27 21:50:59,Neutral_score,0.7809999999999999
576,t3_bi718a,elyi88s,whyizthizzohard,/r/UIUC/comments/bi718a/computer_lab_that_is_open_all_night/elyi88s/,2019-04-27 22:20:49,Neutral_score,1.0
577,t3_bi5x1j,elyiizu,IlliniGuy2,/r/UIUC/comments/bi5x1j/view_of_the_union_tonight/elyiizu/,2019-04-27 22:25:20,Neutral_score,1.0
578,t3_bi718a,elyija5,uiucstressedout,/r/UIUC/comments/bi718a/computer_lab_that_is_open_all_night/elyija5/,2019-04-27 22:25:27,Neutral_score,1.0
579,t3_bi718a,elyini9,mishlc,/r/UIUC/comments/bi718a/computer_lab_that_is_open_all_night/elyini9/,2019-04-27 22:27:15,Neutral_score,0.8909999999999999
580,t3_bi4mxe,elyit7h,ConsistentClaim,/r/UIUC/comments/bi4mxe/is_anyone_else_more_hyped_for_attack_on_titan_s3/elyit7h/,2019-04-27 22:29:40,Neutral_score,0.659
581,t3_bi718a,elyj5i2,dkline39,/r/UIUC/comments/bi718a/computer_lab_that_is_open_all_night/elyj5i2/,2019-04-27 22:35:03,Neutral_score,1.0
582,t3_bi718a,elyj6c5,whyizthizzohard,/r/UIUC/comments/bi718a/computer_lab_that_is_open_all_night/elyj6c5/,2019-04-27 22:35:24,Neutral_score,1.0
583,t3_bi0dwl,elyjc57,MMEnter,/r/UIUC/comments/bi0dwl/congratulations_to_all_the_runners_from_todays/elyjc57/,2019-04-27 22:37:57,Neutral_score,0.823
584,t3_bi718a,elyjemy,uiucstressedout,/r/UIUC/comments/bi718a/computer_lab_that_is_open_all_night/elyjemy/,2019-04-27 22:39:00,Neutral_score,0.397
585,t3_bi74oa,elyjlx9,Dinothegreat86,/r/UIUC/comments/bi74oa/per_newsgazette_tomorrow_petry_retired_april_11th/elyjlx9/,2019-04-27 22:42:10,Neutral_score,0.903
586,t3_bhtp8r,elyjxkv,Jhohok,/r/UIUC/comments/bhtp8r/what_makes_a_good_cbtf_exam/elyjxkv/,2019-04-27 22:47:19,Neutral_score,0.826
587,t3_bhnn7n,elykcu4,ThatEconomist,/r/UIUC/comments/bhnn7n/has_anyone_seen_this_cat_lost_cat/elykcu4/,2019-04-27 22:54:08,Neutral_score,0.361
588,t3_bi78ip,elykkjj,MrIllini,/r/UIUC/comments/bi78ip/some_pictures_of_campus_and_downtown_urbana_from/elykkjj/,2019-04-27 22:57:39,Neutral_score,1.0
589,t3_bhx059,elykssm,dogemaster00,/r/UIUC/comments/bhx059/math_415_reax_only/elykssm/,2019-04-27 23:01:29,Neutral_score,1.0
590,t3_bhx059,elykv24,rawcomedian,/r/UIUC/comments/bhx059/math_415_reax_only/elykv24/,2019-04-27 23:02:29,Neutral_score,1.0
591,t3_bi5x1j,elykwl3,MaiPhet,/r/UIUC/comments/bi5x1j/view_of_the_union_tonight/elykwl3/,2019-04-27 23:03:11,Neutral_score,0.6459999999999999
592,t3_bi5058,elyl7ca,shronk-cwonk,/r/UIUC/comments/bi5058/trying_to_take_stat_400_with_ravat/elyl7ca/,2019-04-27 23:08:13,Neutral_score,1.0
593,t3_bi78ip,elylask,MaiPhet,/r/UIUC/comments/bi78ip/some_pictures_of_campus_and_downtown_urbana_from/elylask/,2019-04-27 23:09:46,Neutral_score,0.47200000000000003
594,t3_bhx059,elylir4,dogemaster00,/r/UIUC/comments/bhx059/math_415_reax_only/elylir4/,2019-04-27 23:13:27,Neutral_score,0.69
595,t3_bhx059,elyljsu,rawcomedian,/r/UIUC/comments/bhx059/math_415_reax_only/elyljsu/,2019-04-27 23:13:56,Neutral_score,0.588
596,t3_bgjo5z,elyln4c,dogemaster00,/r/UIUC/comments/bgjo5z/have_you_ever_had_a_professor_go_on_an_angry_rant/elyln4c/,2019-04-27 23:15:24,Neutral_score,1.0
597,t3_bhx059,elylqkt,dogemaster00,/r/UIUC/comments/bhx059/math_415_reax_only/elylqkt/,2019-04-27 23:17:00,Neutral_score,1.0
598,t3_bggzl1,elylv9n,dogemaster00,/r/UIUC/comments/bggzl1/taking_2_3_hour_finals_on_the_same_day/elylv9n/,2019-04-27 23:19:10,Neutral_score,0.5660000000000001
599,t3_bi30ut,elylyz9,juscarpediem,/r/UIUC/comments/bi30ut/are_there_any_rsos_where_you_can_play_with/elylyz9/,2019-04-27 23:20:53,Neutral_score,0.644
600,t3_bi30ut,elym0ed,juscarpediem,/r/UIUC/comments/bi30ut/are_there_any_rsos_where_you_can_play_with/elym0ed/,2019-04-27 23:21:34,Neutral_score,1.0
601,t3_bi30ut,elym5jd,juscarpediem,/r/UIUC/comments/bi30ut/are_there_any_rsos_where_you_can_play_with/elym5jd/,2019-04-27 23:24:01,Neutral_score,0.777
602,t3_bi7gj0,elymhlf,MaxIsAMess,/r/UIUC/comments/bi7gj0/free_parking_on_or_around_campus/elymhlf/,2019-04-27 23:29:48,Neutral_score,0.924
603,t3_bi30ut,elymk98,notopoli,/r/UIUC/comments/bi30ut/are_there_any_rsos_where_you_can_play_with/elymk98/,2019-04-27 23:31:06,Neutral_score,1.0
604,t3_b53xm4,elymkrd,juscarpediem,/r/UIUC/comments/b53xm4/fall_2019_schedule_megathread/elymkrd/,2019-04-27 23:31:20,Neutral_score,0.754
605,t3_bi5x1j,elymqrl,thebavarianlegend,/r/UIUC/comments/bi5x1j/view_of_the_union_tonight/elymqrl/,2019-04-27 23:34:09,Neutral_score,1.0
606,t3_bi5x1j,elymv8i,IlliniGuy2,/r/UIUC/comments/bi5x1j/view_of_the_union_tonight/elymv8i/,2019-04-27 23:36:14,Neutral_score,1.0
607,t3_bi5x1j,elymzaf,LocusSpartan,/r/UIUC/comments/bi5x1j/view_of_the_union_tonight/elymzaf/,2019-04-27 23:37:54,Neutral_score,1.0
608,t3_bi5x1j,elynih1,nerd_14_,/r/UIUC/comments/bi5x1j/view_of_the_union_tonight/elynih1/,2019-04-27 23:47:03,Neutral_score,1.0
609,t3_bhvc5a,elynwv8,Ghost_Flash,/r/UIUC/comments/bhvc5a/tiger_has_been_found/elynwv8/,2019-04-27 23:54:16,Neutral_score,0.505
610,t3_bi7eba,elyo9r7,MrIllini,/r/UIUC/comments/bi7eba/how_is_soc_uiuc/elyo9r7/,2019-04-28 00:00:57,Neutral_score,0.782
611,t3_bhtp8r,elyod3m,abluedinosaur,/r/UIUC/comments/bhtp8r/what_makes_a_good_cbtf_exam/elyod3m/,2019-04-28 00:02:42,Neutral_score,0.953
612,t3_bi74oa,elyoeij,MrIllini,/r/UIUC/comments/bi74oa/per_newsgazette_tomorrow_petry_retired_april_11th/elyoeij/,2019-04-28 00:03:28,Neutral_score,0.816
613,t3_bi5ov5,elyoq4i,MrAcurite,/r/UIUC/comments/bi5ov5/student_id/elyoq4i/,2019-04-28 00:09:36,Neutral_score,0.841
614,t3_bhtp8r,elyou55,abluedinosaur,/r/UIUC/comments/bhtp8r/what_makes_a_good_cbtf_exam/elyou55/,2019-04-28 00:11:47,Neutral_score,0.794
615,t3_bhr9k4,elyowcv,abluedinosaur,/r/UIUC/comments/bhr9k4/psa_it_is_difficult_to_transfer_into_cs/elyowcv/,2019-04-28 00:12:58,Neutral_score,0.7140000000000001
616,t3_bhr9k4,elypb8v,frazerkrane,/r/UIUC/comments/bhr9k4/psa_it_is_difficult_to_transfer_into_cs/elypb8v/,2019-04-28 00:21:19,Neutral_score,1.0
617,t3_bi1nri,elypbew,yellowsprinkless,/r/UIUC/comments/bi1nri/mcb_advanced_courses/elypbew/,2019-04-28 00:21:25,Neutral_score,0.953
618,t3_bhz4e2,elypmla,StripelessZebra,/r/UIUC/comments/bhz4e2/summer_music_options/elypmla/,2019-04-28 00:27:41,Neutral_score,0.884
619,t3_bi74oa,elyppy0,Battlefront228,/r/UIUC/comments/bi74oa/per_newsgazette_tomorrow_petry_retired_april_11th/elyppy0/,2019-04-28 00:29:35,Neutral_score,0.861
620,t3_bi4mxe,elyprsz,Skorpion2425,/r/UIUC/comments/bi4mxe/is_anyone_else_more_hyped_for_attack_on_titan_s3/elyprsz/,2019-04-28 00:30:39,Neutral_score,0.645
621,t3_bhgy17,elypxai,lollapaloozauiuc,/r/UIUC/comments/bhgy17/the_absurd_way_andino_is_destroying_my_gpa/elypxai/,2019-04-28 00:33:48,Neutral_score,0.6940000000000001
622,t3_bi7eba,elyq7m1,uiucreddithrowaway,/r/UIUC/comments/bi7eba/how_is_soc_uiuc/elyq7m1/,2019-04-28 00:39:41,Neutral_score,0.716
623,t3_bi7eba,elyqmea,JonathanSKent,/r/UIUC/comments/bi7eba/how_is_soc_uiuc/elyqmea/,2019-04-28 00:48:28,Neutral_score,0.706
624,t3_bi4bt2,elyqo51,JonathanSKent,/r/UIUC/comments/bi4bt2/phys_214_proficiency/elyqo51/,2019-04-28 00:49:29,Neutral_score,0.894
625,t3_bi74oa,elyqz4z,Saintsfan_9,/r/UIUC/comments/bi74oa/per_newsgazette_tomorrow_petry_retired_april_11th/elyqz4z/,2019-04-28 00:56:05,Neutral_score,0.679
626,t3_bi74oa,elyr26k,Battlefront228,/r/UIUC/comments/bi74oa/per_newsgazette_tomorrow_petry_retired_april_11th/elyr26k/,2019-04-28 00:57:58,Neutral_score,0.6940000000000001
627,t3_bi8aew,elyro0e,rustedsaber,/r/UIUC/comments/bi8aew/are_those_monster_trucks_i_hear/elyro0e/,2019-04-28 01:11:35,Neutral_score,0.743
628,t3_bi8aew,elyrpcw,ConTron44,/r/UIUC/comments/bi8aew/are_those_monster_trucks_i_hear/elyrpcw/,2019-04-28 01:12:26,Neutral_score,0.41700000000000004
629,t3_bi8ghz,elyt3n5,PattakaK,/r/UIUC/comments/bi8ghz/when_the_bus_starts_to_roll_away_as_youre_running/elyt3n5/,2019-04-28 01:45:17,Neutral_score,1.0
630,t3_bi8aew,elytaf6,itazurakko,/r/UIUC/comments/bi8aew/are_those_monster_trucks_i_hear/elytaf6/,2019-04-28 01:49:49,Neutral_score,0.905
631,t3_bi3p2l,elyul8f,lednakashim,/r/UIUC/comments/bi3p2l/just_got_accepted_to_cs_ling_as_a_transfer_any/elyul8f/,2019-04-28 02:22:25,Neutral_score,1.0
632,t3_bhulo5,elyvn8l,Patahoenia,/r/UIUC/comments/bhulo5/fuck_chapagn_gaign/elyvn8l/,2019-04-28 02:49:45,Neutral_score,0.556
633,t3_bi8ulz,elyw8g5,orangepuppy8,/r/UIUC/comments/bi8ulz/funny_meme_i_saw_on_twitter/elyw8g5/,2019-04-28 03:05:54,Neutral_score,0.312
634,t3_bi7eba,elywcmn,Cjcager2,/r/UIUC/comments/bi7eba/how_is_soc_uiuc/elywcmn/,2019-04-28 03:09:12,Neutral_score,0.7440000000000001
635,t3_bi5x1j,elywtn1,Cudi420,/r/UIUC/comments/bi5x1j/view_of_the_union_tonight/elywtn1/,2019-04-28 03:22:36,Neutral_score,0.6559999999999999
636,t3_bi7gj0,elyww4d,qball97,/r/UIUC/comments/bi7gj0/free_parking_on_or_around_campus/elyww4d/,2019-04-28 03:24:37,Neutral_score,0.264
637,t3_bi8ulz,elywymt,Rude_Duck,/r/UIUC/comments/bi8ulz/funny_meme_i_saw_on_twitter/elywymt/,2019-04-28 03:26:36,Neutral_score,0.8270000000000001
638,t3_bi8yp5,elyx9mi,Battlefront228,/r/UIUC/comments/bi8yp5/upvote_if_suburban_express_should_go_suck_a_fat/elyx9mi/,2019-04-28 03:35:13,Neutral_score,0.873
639,t3_bhti2h,elyy5pn,jsmosby,/r/UIUC/comments/bhti2h/christensens_lawyers_say_hes_abandoning/elyy5pn/,2019-04-28 04:01:24,Neutral_score,0.782
640,t3_bi0dwl,elyz55g,supreme-dominar,/r/UIUC/comments/bi0dwl/congratulations_to_all_the_runners_from_todays/elyz55g/,2019-04-28 04:30:35,Neutral_score,0.95
641,t3_bhwb0p,elyznkh,UIUCFreshSoph,/r/UIUC/comments/bhwb0p/selling_iclicker2/elyznkh/,2019-04-28 04:45:47,Neutral_score,1.0
642,t3_bhwgyz,elz1qh2,ra3xgambit,/r/UIUC/comments/bhwgyz/iclicker_for_sale_40_obo/elz1qh2/,2019-04-28 05:45:11,Neutral_score,1.0
643,t3_bi9t9q,elz39yn,ra3xgambit,/r/UIUC/comments/bi9t9q/hablantes_de_herencia_de_uiuc/elz39yn/,2019-04-28 06:25:29,Neutral_score,1.0
644,t3_bi9t9q,elz3uia,LeoDGTV,/r/UIUC/comments/bi9t9q/hablantes_de_herencia_de_uiuc/elz3uia/,2019-04-28 06:38:57,Neutral_score,1.0
645,t3_bi74oa,elz52lo,AlmostGrad100,/r/UIUC/comments/bi74oa/per_newsgazette_tomorrow_petry_retired_april_11th/elz52lo/,2019-04-28 07:05:36,Neutral_score,0.925
646,t3_bi0dwl,elz58ye,AlmostGrad100,/r/UIUC/comments/bi0dwl/congratulations_to_all_the_runners_from_todays/elz58ye/,2019-04-28 07:09:23,Neutral_score,0.473
647,t3_bi8aew,elz7e1s,android_throw_fun,/r/UIUC/comments/bi8aew/are_those_monster_trucks_i_hear/elz7e1s/,2019-04-28 07:46:28,Neutral_score,1.0
648,t3_bianyq,elz7xc4,JohnBambenek,/r/UIUC/comments/bianyq/emails_professor_petrys_absence_created_stir_at_ui/elz7xc4/,2019-04-28 07:54:40,Neutral_score,0.868
649,t3_bi8ghz,elz81a3,AlmostGrad100,/r/UIUC/comments/bi8ghz/when_the_bus_starts_to_roll_away_as_youre_running/elz81a3/,2019-04-28 07:56:13,Neutral_score,1.0
650,t3_bi74oa,elzam1e,Ruriks-Keep,/r/UIUC/comments/bi74oa/per_newsgazette_tomorrow_petry_retired_april_11th/elzam1e/,2019-04-28 08:34:22,Neutral_score,0.633
651,t3_bianyq,elzb01j,imtherealistonhere,/r/UIUC/comments/bianyq/emails_professor_petrys_absence_created_stir_at_ui/elzb01j/,2019-04-28 08:39:57,Neutral_score,0.563
652,t3_bi9t9q,elzc7gh,ObeseJayCutler,/r/UIUC/comments/bi9t9q/hablantes_de_herencia_de_uiuc/elzc7gh/,2019-04-28 08:56:27,Neutral_score,1.0
653,t3_bi9t9q,elzca04,LeoDGTV,/r/UIUC/comments/bi9t9q/hablantes_de_herencia_de_uiuc/elzca04/,2019-04-28 08:57:23,Neutral_score,1.0
654,t3_bi74oa,elzcbi1,JohnBambenek,/r/UIUC/comments/bi74oa/per_newsgazette_tomorrow_petry_retired_april_11th/elzcbi1/,2019-04-28 08:57:56,Neutral_score,0.7140000000000001
655,t3_bi9t9q,elzcepa,SciFiShroom,/r/UIUC/comments/bi9t9q/hablantes_de_herencia_de_uiuc/elzcepa/,2019-04-28 08:59:08,Neutral_score,1.0
656,t3_bi9t9q,elzcx09,LeoDGTV,/r/UIUC/comments/bi9t9q/hablantes_de_herencia_de_uiuc/elzcx09/,2019-04-28 09:06:07,Neutral_score,1.0
657,t3_bi4bt2,elzdrbh,Linkinvers,/r/UIUC/comments/bi4bt2/phys_214_proficiency/elzdrbh/,2019-04-28 09:17:24,Neutral_score,0.78
658,t3_bi6chz,elzdxxu,Clers,/r/UIUC/comments/bi6chz/201_s_wright_st_jsm/elzdxxu/,2019-04-28 09:19:40,Neutral_score,0.8420000000000001
659,t3_bi3m2q,elzepqj,brownsatin,/r/UIUC/comments/bi3m2q/congrats_to_illini_c_nick_allegretti_drafted_by/elzepqj/,2019-04-28 09:29:08,Neutral_score,0.8490000000000001
660,t3_bi0dwl,elzeqve,Floss-Boss,/r/UIUC/comments/bi0dwl/congratulations_to_all_the_runners_from_todays/elzeqve/,2019-04-28 09:29:31,Neutral_score,1.0
661,t3_bi4bt2,elzf8ve,Goavengers,/r/UIUC/comments/bi4bt2/phys_214_proficiency/elzf8ve/,2019-04-28 09:35:37,Neutral_score,1.0
662,t3_bi4bt2,elzfdwh,Goavengers,/r/UIUC/comments/bi4bt2/phys_214_proficiency/elzfdwh/,2019-04-28 09:37:18,Neutral_score,0.897
663,t3_bbg99h,elzfqz3,whiteowl725,/r/UIUC/comments/bbg99h/answered_where_is_petry/elzfqz3/,2019-04-28 09:41:53,Neutral_score,0.794
664,t3_bi8aew,elzfu57,ConTron44,/r/UIUC/comments/bi8aew/are_those_monster_trucks_i_hear/elzfu57/,2019-04-28 09:42:59,Neutral_score,0.33399999999999996
665,t3_biazp2,elzgxc7,UnclePutin,/r/UIUC/comments/biazp2/for_many_in_champaign_county_one_fulltime_job/elzgxc7/,2019-04-28 09:56:31,Neutral_score,0.7809999999999999
666,t3_bi4bt2,elzis6o,Linkinvers,/r/UIUC/comments/bi4bt2/phys_214_proficiency/elzis6o/,2019-04-28 10:19:07,Neutral_score,1.0
667,t3_biazp2,elzj7ts,AlmostGrad100,/r/UIUC/comments/biazp2/for_many_in_champaign_county_one_fulltime_job/elzj7ts/,2019-04-28 10:24:28,Neutral_score,0.569
668,t3_biazp2,elzkfuc,IlliniGuy2,/r/UIUC/comments/biazp2/for_many_in_champaign_county_one_fulltime_job/elzkfuc/,2019-04-28 10:39:14,Neutral_score,1.0
669,t3_ann2nk,elzkxgh,innerpartysystem1234,/r/UIUC/comments/ann2nk/how_to_join_illinois_consulting_academy/elzkxgh/,2019-04-28 10:45:04,Neutral_score,0.903
670,t3_biazp2,elzlkb8,AlmostGrad100,/r/UIUC/comments/biazp2/for_many_in_champaign_county_one_fulltime_job/elzlkb8/,2019-04-28 10:52:50,Neutral_score,0.8370000000000001
671,t3_biazp2,elzmi96,IlliniGuy2,/r/UIUC/comments/biazp2/for_many_in_champaign_county_one_fulltime_job/elzmi96/,2019-04-28 11:03:46,Neutral_score,0.821
672,t3_bi30ut,elzn1lx,actual-trash,/r/UIUC/comments/bi30ut/are_there_any_rsos_where_you_can_play_with/elzn1lx/,2019-04-28 11:09:55,Neutral_score,0.8590000000000001
673,t3_biazp2,elznfxf,UnclePutin,/r/UIUC/comments/biazp2/for_many_in_champaign_county_one_fulltime_job/elznfxf/,2019-04-28 11:14:20,Neutral_score,0.615
674,t3_bicrqp,elznkkh,Styleboym,/r/UIUC/comments/bicrqp/just_curiousspring_jam/elznkkh/,2019-04-28 11:15:40,Neutral_score,0.938
675,t3_bi9t9q,elznxb7,Publicfalsher,/r/UIUC/comments/bi9t9q/hablantes_de_herencia_de_uiuc/elznxb7/,2019-04-28 11:19:35,Neutral_score,1.0
676,t3_bicm39,elzo1cx,gamera72,/r/UIUC/comments/bicm39/why_is_it_called_joes_brewery_if_it_doesnt_brew/elzo1cx/,2019-04-28 11:20:48,Neutral_score,0.935
677,t3_bhdw8j,elzp1d9,ktnli,/r/UIUC/comments/bhdw8j/where_do_u_buy_cute_umbrellas/elzp1d9/,2019-04-28 11:32:13,Neutral_score,0.845
678,t3_bicm39,elzpez8,blake1120,/r/UIUC/comments/bicm39/why_is_it_called_joes_brewery_if_it_doesnt_brew/elzpez8/,2019-04-28 11:36:35,Neutral_score,0.345
679,t3_bi7gj0,elzpl4e,DrFredNES,/r/UIUC/comments/bi7gj0/free_parking_on_or_around_campus/elzpl4e/,2019-04-28 11:38:33,Neutral_score,0.725
680,t3_bi8yp5,elzpsfv,eadala,/r/UIUC/comments/bi8yp5/upvote_if_suburban_express_should_go_suck_a_fat/elzpsfv/,2019-04-28 11:40:55,Neutral_score,0.7829999999999999
681,t3_bib6tf,elzpx4m,theillini19,/r/UIUC/comments/bib6tf/people_trying_to_transfer_into_cs/elzpx4m/,2019-04-28 11:42:26,Neutral_score,1.0
682,t3_bi3m2q,elzpz0i,638294,/r/UIUC/comments/bi3m2q/congrats_to_illini_c_nick_allegretti_drafted_by/elzpz0i/,2019-04-28 11:43:03,Neutral_score,0.764
683,t3_bicvmz,elzqkqu,gamera72,/r/UIUC/comments/bicvmz/job_market_in_the_culinary_industry/elzqkqu/,2019-04-28 11:50:21,Neutral_score,0.863
684,t3_bicvmz,elzr6vw,RoyalBlueMoose,/r/UIUC/comments/bicvmz/job_market_in_the_culinary_industry/elzr6vw/,2019-04-28 11:57:50,Neutral_score,0.9129999999999999
685,t3_bi7eba,elzrcea,Richie77727,/r/UIUC/comments/bi7eba/how_is_soc_uiuc/elzrcea/,2019-04-28 11:59:37,Neutral_score,0.8059999999999999
686,t3_bhr9k4,elztf4j,jeffgerickson,/r/UIUC/comments/bhr9k4/psa_it_is_difficult_to_transfer_into_cs/elztf4j/,2019-04-28 12:23:29,Neutral_score,1.0
687,t3_biazp2,elzu5k7,Beake,/r/UIUC/comments/biazp2/for_many_in_champaign_county_one_fulltime_job/elzu5k7/,2019-04-28 12:31:40,Neutral_score,0.753
688,t3_biazp2,elzucjc,Beake,/r/UIUC/comments/biazp2/for_many_in_champaign_county_one_fulltime_job/elzucjc/,2019-04-28 12:33:53,Neutral_score,1.0
689,t3_bib6tf,elzul5n,bisbyx,/r/UIUC/comments/bib6tf/people_trying_to_transfer_into_cs/elzul5n/,2019-04-28 12:36:38,Neutral_score,1.0
